,ID,Submit datetime,SMILES,PDSC,valid,stable,mass,atoms,soluble
0,1196,2025-04-12 09:36:20,Cc1ccc(Nc2ccccc2)cc1,4.176326236941864,1,1,1,1,1
1,1198,2025-04-12 09:38:50,CCCCC(CC)COC(=O)CNc1cccc(OC)c1OC,4.509600827947279,1,1,1,1,1
2,1200,2025-04-12 09:43:20,C=Cc1ccc(-c2cc[nH]c2)cc1,0,0,1,1,1,1
3,1202,2025-04-12 09:45:27,CCCCC(CC)COC(=O)CNc1cccc(OC)c1OC,4.509600827947279,1,1,1,1,1
4,1203,2025-04-12 09:45:27,CCCCCCCCCCCCN(C)Cc1cccc(NCC(O)c2ccc(OC)cc2)c1,18.820231633350694,1,1,1,1,1
5,1204,2025-04-12 09:45:27,CCNc1ccc(CN(C)CCOCCOC)cc1C,3.8456437002655344,1,1,1,1,1
6,1205,2025-04-12 09:45:27,CCCN(CCC)CC(O)CNCc1ccc(-c2ccc(N(CC)CC)cc2)nc1,0,0,1,1,1,1
7,1206,2025-04-12 09:45:27,CCCCN(CCC)c1cc(CN(CCO)CCOC)cc(Nc2ccc(C)cc2)c1,28.60285020542961,1,1,1,1,1
8,1207,2025-04-12 09:45:27,CCOc1cc(C)c(CNCc2ccc(N(CC)CC)cc2)c(C)c1OCCNCC,0,0,1,1,1,1
9,1208,2025-04-12 09:45:27,CCc1ccc(N(C)CCC(=O)NCCCOC(C)C)cc1,0,0,1,1,1,1
10,1209,2025-04-12 09:45:27,CCc1ccc(N(CCO)CCOCc2cccc(CNC)c2)cc1,0,0,1,1,1,1
11,1210,2025-04-12 09:45:27,CCCCCCN(CCN(CC(C)C)CCC)c1ccc(Nc2n[nH]c(C)c2C)cc1,50.025877498863366,1,1,1,1,1
12,1211,2025-04-12 09:45:27,CCc1cccc(CC)c1NCC(O)CN(C)Cc1ccc(OC)cc1,15.615974375255645,1,1,1,1,1
13,1213,2025-04-12 09:50:15,CCCCCCC(O)CN(CC(O)c1ccccc1)Cc1ccc(N(CC)CC)cc1,0,0,1,1,1,1
14,1214,2025-04-12 09:50:15,CCCCCCCCCCCCN(CCO)c1ccc(NCc2ccc(N(C)C)cc2)cc1,57.87539757723651,1,1,1,1,1
15,1215,2025-04-12 09:50:15,CCCN(CCC)c1nc2ccccc2nc1NCCCN(CCC)CCCC,45.81973556738617,1,1,1,1,1
16,1216,2025-04-12 09:50:15,CCNC(=NCC(CC)(CC)CC)NCc1ccc(N(C)Cc2ccco2)cc1,0,0,1,1,1,1
17,1217,2025-04-12 09:50:15,Cc1c(CNCCCCCCNC(C)C)cccc1N(Cc1cccn1C)C(C)C,0,0,1,1,1,1
18,1218,2025-04-12 09:50:15,CCOCCCN(CCC)Cc1ccc(CNCCc2ccc(O)cc2)cc1,4.654983374333154,1,1,1,1,1
19,1219,2025-04-12 09:50:15,CCCOc1ccc(NC(C)CCCN(C)C)nc1,3.74426652762629,1,1,1,1,1
20,1220,2025-04-12 09:50:15,CCCCNC(CO)c1ccc(OCc2ccc(N(C)C)cc2)cc1,0,0,1,1,1,1
21,1221,2025-04-12 09:50:15,CCCCCCCCCCCCCCC(CO)Nc1ccc(-c2ccc(OC)cc2)cn1,12.661482112348127,1,1,1,1,1
22,1222,2025-04-12 09:50:15,CCCCN(C)c1ccc(NCC(C)(C)OC)nc1,4.468079717187421,1,1,1,1,1
23,1224,2025-04-12 09:52:59,CCCCCCN(CCO)c1ccc(NCCc2ccc(OC)cc2)cc1,17.1722981507082,1,1,1,1,1
24,1225,2025-04-12 09:52:59,CCN(CC)CCCNC(C)c1ccc(NCc2ccco2)cc1,14.173301100003275,1,1,1,1,1
25,1226,2025-04-12 09:52:59,CCCCN(CCCC)c1ccc(N(CCCC)CCCO)cc1NCCCO,67.73385818042131,1,1,1,1,1
26,1227,2025-04-12 09:52:59,CCCCCCCCC(CNC(=S)Nc1ccccc1)N(C)Cc1cccc(OC)c1,14.158501002079955,1,1,1,1,1
27,1228,2025-04-12 09:52:59,CCN(CC)CCCNCc1ccc(N(CC)CCCc2ccc(C)cc2)cc1,0,0,1,1,1,1
28,1229,2025-04-12 09:52:59,CCCCN(CCCC)c1cccc(NCC(O)c2cccn2C)c1,70.56562512348629,1,1,1,1,1
29,1230,2025-04-12 09:52:59,CCCCN(C)c1ccc(NC(=O)COC(C)C)cc1,10.394351659654427,1,1,1,1,1
30,1231,2025-04-12 09:52:59,CCCCN(CCCC)CC(O)CNC(C)c1ccc(N(CC)CC)c2ccccc12,0,0,1,1,1,1
31,1232,2025-04-12 09:52:59,CCCCCCCCN(CC(=O)OC)c1ccc(O)cc1,4.40259178567098,1,1,1,1,1
32,1233,2025-04-12 09:52:59,CCCCCCCCCCCCCCNc1cc(-c2ccc(N(C)C)cc2)c(CO)cn1,14.797414343369038,1,1,1,1,1
33,1235,2025-04-12 09:56:29,CCCCC(CC)CN(CCCCCC)c1nc(C)c(C)c(Nc2ccc(C)cc2)n1,22.522273796370378,1,1,1,1,1
34,1236,2025-04-12 09:56:29,CCCCCCN(CCO)c1ccc(-c2ccc(C(C)NC(C)CCC)cc2)nc1,0,0,1,1,1,1
35,1237,2025-04-12 09:56:29,CCCN(CCC)CCOc1cccc(CNCc2ccccc2O)c1,10.006347001131063,1,1,1,1,1
36,1238,2025-04-12 09:56:29,CCCCC(CC)CNC(=NC)NCC(c1ccc(OC)cc1)N(CC)c1ccccc1,0,0,1,1,1,1
37,1239,2025-04-12 09:56:29,CCCN(CCC)C(CO)c1ccc(NCCc2ccc(OC)cc2)cc1,14.688128820666455,1,1,1,1,1
38,1240,2025-04-12 09:56:29,CCCCN(CCC)c1ccc2cc(O)ccc2c1CN(CCC)CCCCNC,52.70662413894767,1,1,1,1,1
39,1241,2025-04-12 09:56:29,CCCCCCCCCCCCOc1ccc(-c2ccc(NCCO)c(OCC)c2)cc1,68.48888632785322,1,1,1,1,1
40,1242,2025-04-12 09:56:29,CCCCCCNCc1cncc(N(CCCCCC)Cc2cc(C)cc(C)c2)c1,0,0,1,1,1,1
41,1243,2025-04-12 09:56:29,CCCCCCCCCCc1cc2ccc(NCCCCCC)cc2n1CCN(C)C,56.73241350624397,1,1,1,1,1
42,1244,2025-04-12 09:56:29,CCCN(CCC)CCCNc1cc(N(CCC)CCC)c2ccccc2n1,51.250975220767614,1,1,1,1,1
43,1246,2025-04-12 09:58:25,CCCNCCCCN(CCCC)CCc1c[nH]c2cc(N(CC)CC)ccc12,0,0,1,1,1,1
44,1247,2025-04-12 09:58:25,CCc1cc(Cc2ccc(OCCCCCCN(CC)CC)cc2)c(O)c(C(C)C)c1O,78.2862715221405,1,1,1,1,1
45,1248,2025-04-12 09:58:25,CCCCCCCCCCCCCCCCNc1ncc(-c2ccc(N(C)C)cc2)[nH]1,45.12396453514411,1,1,1,1,1
46,1249,2025-04-12 09:58:25,CCCCCCN(CCCCCCCC)c1ccc(Nc2cc(CO)ccc2C)nc1,48.265267523445814,1,1,1,1,1
47,1250,2025-04-12 09:58:25,CCCCN(CCCC)CCCNCc1ccc(O)c2ncccc12,6.592512231215494,1,1,1,1,1
48,1251,2025-04-12 09:58:25,CCCCN(CCCC)CCNCCc1c(C)cc(C)cc1-c1ccc(N(C)C)cc1,0,0,1,1,1,1
49,1252,2025-04-12 09:58:25,CCc1ccc(NC(c2cccc(OC)c2O)N(C)CCC(C)C)cc1,11.696067355892303,1,1,1,1,1
50,1253,2025-04-12 09:58:25,CCNC(=NCc1ccc(N(CC)CC)cc1)NCCc1cccnc1,0,0,1,1,1,1
51,1254,2025-04-12 09:58:25,CCCCC(C)(C)CN(CCO)c1ccc(-c2ccc(OCCCCCC)cc2)cc1O,62.80968260221333,1,1,1,1,1
52,1255,2025-04-12 09:58:25,CCCCCCCCCCNCc1ccc(-c2ccc(N(CC)CC)cc2)nc1,0,0,1,1,1,1
53,1256,2025-04-12 09:58:25,CCCCCCCCc1ccc(N(CCCCC)c2ccc(N(CCO)CCO)cc2C)cc1,0,0,1,1,1,1
54,1257,2025-04-12 09:58:25,CCCCCCN(CCCCC)c1cc(CNCCC)cc(-c2ccc(C)cc2)n1,0,0,1,1,1,1
55,1258,2025-04-12 09:58:25,CCCN(CCC)c1ccc(NCC(O)c2ccc(OC)cc2)c(C)c1,24.650008364137545,1,1,1,1,1
56,1259,2025-04-12 09:58:25,CCCCCCN(CCCC)c1cc(CNC(C)CC)c(O)c(-c2ccccn2)c1,20.791562514043438,1,1,1,1,1
57,1260,2025-04-12 09:58:25,CCc1cc(CN(CCO)CCO)ccc1-c1ccc(N(CC)CC)cc1,0,0,1,1,1,1
58,1261,2025-04-12 09:58:25,CCCCCCCCCCCC(C)NC(=S)Nc1cc(C(C)(C)C)nn1Cc1ccccc1,32.157828672531735,1,1,1,1,1
59,1262,2025-04-12 09:58:25,Cc1cc(N(CCO)CCO)c(OCCC(C)C)c(-c2ccc(CCCCC)cc2)c1,0,0,1,1,1,1
60,1263,2025-04-12 09:58:25,CCCCN(CCCC)c1ccc(-c2ccc(CNCCCCCC)cc2)nc1,0,0,1,1,1,1
61,1264,2025-04-12 09:58:25,CCCCCCN(CCC)c1cc(CC)nc(NCc2ccc(CCCC)cc2)c1,28.304695056907757,1,1,1,1,1
62,1265,2025-04-12 09:58:25,CCCCCCCCCCNc1nc(CCCCCCC)cc(-c2ccc(C)cc2)n1,14.215159925627715,1,1,1,1,1
63,1275,2025-04-12 10:17:35,CCCCN(CCCC)c1nc(CC)c(CC)c(CC)c1-c1cc(C)c(C)cc1NC,41.09480418089035,1,1,1,1,1
64,1276,2025-04-12 10:17:35,CCCN(CCC)c1cc(CNC(C)C)c(-c2cc(C)c(C)cc2C)c(C)c1,0,0,1,1,1,1
65,1277,2025-04-12 10:17:35,CCCCN(CCCCCC)c1nc(C)cc(C)c1-c1c(C)cc(C)cc1CC,0,0,1,1,1,1
66,1278,2025-04-12 10:17:35,CCc1cc2c(NCCCN(CC)CC)ccc(N(CCC)CCC)c2cc1CC,60.84330364214697,1,1,1,1,1
67,1279,2025-04-12 10:17:35,CCCCCCc1c(CCCC)n(CCCCCC)c2ccc(NCCC)cc12,5.794226704609015,1,1,1,1,1
68,1280,2025-04-12 10:17:35,CCCCN(CCCC)c1nc(CC)c(CC)c(NCc2ccc(C)cc2)c1C,32.56648754286364,1,1,1,1,1
69,1281,2025-04-12 10:17:35,CCCCCCn1cc(CCCC)c(-c2ccc(CCCCCC)cc2)c1NCCC,50.11839117369486,1,1,1,1,1
70,1282,2025-04-12 10:17:35,CCCCCCN(CCCC)c1ccc(-c2[nH]c(C)c(C(C)C)c2CC)cc1,0,0,1,1,1,1
71,1283,2025-04-12 10:17:35,CCCCCCc1ccc(-c2ccc(N(CCCC)CCC)c(CNCCC)c2)cc1,0,0,1,1,1,1
72,1284,2025-04-12 10:17:35,CCCCCCN(CCCCCC)c1ccc(-c2ccc(NCCC)c(CC)c2)cc1,30.94569720530385,1,1,1,1,1
73,1285,2025-04-12 10:17:35,CCCCCCN(CCCC)c1nc(C)cc(Nc2c(C)cc(CC)cc2C)c1C,35.8880823466946,1,1,1,1,1
74,1286,2025-04-12 10:17:35,CCNc1nc(C)cc(-c2ccc(CN(CCC)CCCC)c(CC)c2)c1C,23.375983148309246,1,1,1,1,1
75,1287,2025-04-12 10:17:35,CCCCCCCCNc1c(CC)cc(-c2ccc(N(CCC)CCCC)cc2)cc1C,34.75958375225657,1,1,1,1,1
76,1288,2025-04-12 10:17:35,CCCCCCN(CCCCC)c1ccc(-c2[nH]c(C)c(C)c2CCCC)cc1,0,0,1,1,1,1
77,1289,2025-04-12 10:17:35,CCCCCN(CCCCC)c1ccc(-c2[nH]c(C)c(CCC)c2C)cc1,0,0,1,1,1,1
78,1290,2025-04-12 10:17:35,CCCCCCCCCNc1c(CC)c(CC)n(-c2ccc(C)cc2C)c1C,54.883740054598135,1,1,1,1,1
79,1291,2025-04-12 10:17:35,CCCCN(CCCC)c1cc(NC(CC)CC)cc(-c2ccc(CC)cc2)n1,30.750070259892645,1,1,1,1,1
80,1292,2025-04-12 10:17:35,CCCCCC(CC)N(Cc1ccccc1)Cc1c[nH]c2c(C)ccc(N(CC)CC)c12,0,0,1,1,1,1
81,1293,2025-04-12 10:17:35,CCCCCCN(CCCCCC)c1ccc(-c2[nH]c(CCCCC)nc2CC)cc1,0,0,1,1,1,1
82,1294,2025-04-12 10:17:35,CCCCCN(CCCCC)c1cc(CNCCC)cc(-c2ccc(C)cc2)c1,0,0,1,1,1,1
83,1295,2025-04-12 10:17:35,CCCN(CCC)c1cc(-c2ccc(NCCN(CC)CC)cc2)cc(C)c1C,56.12331691048332,1,1,1,1,1
84,1296,2025-04-12 10:17:35,CCCCN(CCCC)c1ccc(Nc2ccc(N(CC)CC)cc2C)c(C)c1,57.95723145855203,1,1,1,1,1
85,1297,2025-04-12 10:17:35,CCc1ccccc1NC(c1ccc(CC)cc1)c1c(C)cc(C)cc1C,42.00982329417127,1,1,1,1,1
86,1298,2025-04-12 10:17:35,CCCCCCCCN(CCCCC)c1nc(-c2cc(C)c(C)c(C)c2)c(C)[nH]1,0,0,1,1,1,1
87,1299,2025-04-12 10:17:35,CCCCCC(c1ccc(O)c(OCCCCCCC)c1)c1ccc(O)c(CCCC)c1,27.53166744292649,1,1,1,1,1
88,1300,2025-04-12 10:17:35,CCCCN(CCCC)c1nc(CC)c(CC)cc1CNCc1ccccc1,0,0,1,1,1,1
89,1301,2025-04-12 10:17:35,CCCCCCc1ccc(-c2ccc(NCCCCCC)c(OCCCCC)c2)cc1C,45.69491009186495,1,1,1,1,1
90,1302,2025-04-12 10:17:35,CCCCCCCc1c(C)cc(O)c(OCCCCC)c1CCCCCNCCCC,35.93912973780885,1,1,1,1,1
91,1303,2025-04-12 10:17:35,CCCCCCCCCCCCNc1nc(C)c(-c2ccc(C)cc2C)c(C)c1C,27.483071163869443,1,1,1,1,1
92,1304,2025-04-12 10:17:35,CCCCCCN(CCCCC)CCCNc1nc(-c2ccc(C)cc2)cc(C)c1C,30.55638507485071,1,1,1,1,1
93,1305,2025-04-12 10:17:35,CCCCCCCNCc1c(C)cc(-c2ccc(N(CC)CC)cc2)nc1C(C)C,0,0,1,1,1,1
94,1306,2025-04-12 10:17:35,CCCCCCCCCCCNc1nc(-c2cc(C)cc(C)c2)cc(C)c1C(C)C,20.61506353717223,1,1,1,1,1
95,1307,2025-04-12 10:17:35,CCCCCCN(CCCCCC)c1cc(CNCCc2ccc(C)cc2)cc(C)c1,0,0,1,1,1,1
96,1308,2025-04-12 10:17:35,CCCCCCN(CCCCC)Cc1cc(NCc2ccc(C)cc2C)cc(C)c1,14.286183187708822,1,1,1,1,1
97,1309,2025-04-12 10:17:35,CCC(C)NC(c1ccc(C)cc1)c1ccc2cc(N(CC)CC)ccc2c1,0,0,1,1,1,1
98,1310,2025-04-12 10:17:35,CCCCCCCCCCNc1cc(-c2ccc(N(CC)CC)cc2)cc(C)c1C,40.23525879358827,1,1,1,1,1
99,1311,2025-04-12 10:17:35,CCCCCCCCCCN(CC)c1cc(Nc2ccc(C)cc2C)cc(C)c1C,38.72986897911505,1,1,1,1,1
100,1312,2025-04-12 10:17:35,CCCN(CCC)Cc1ccc(-c2cnc(NCCCCCCCCC)c(CC)c2)cc1,14.40904865127305,1,1,1,1,1
101,1313,2025-04-12 10:17:35,CCCCCCCCCCc1nc(Nc2cc(C)cc(C)c2)cc(C)c1CCCCC,18.09869235848733,1,1,1,1,1
102,1314,2025-04-12 10:17:35,CCCCCCCCNCc1c(C)cc(C)cc1N(CCC)Cc1ccc(C)cc1,0,0,1,1,1,1
103,1316,2025-04-12 10:36:35,CC(C)(C)c1ccc(O)c(C(C)(C)C)c1,6.062815795784353,1,1,1,1,1
104,1318,2025-04-12 10:38:53,Oc1c(C(C)(C)C)cc(CCN(c2ccccc2)c2ccccc2)cc1C(C)(C)C,47.24814125419048,1,1,1,1,1
105,1320,2025-04-12 10:40:19,Oc1c(C(C)(C)C)cc(c1OCCCCCCN(CC)CC)C(C)(C)C,0,0,0,0,0,0
106,1322,2025-04-12 10:41:27,Oc1c(C(C)(C)C)cc(CCN(CCc2cc(C(C)(C)C)c(O)c(C(C)(C)C)c2)CCc2cc(C(C)(C)C)c(O)c(C(C)(C)C)c2)cc1C(C)(C)C,59.66725073808589,1,1,1,1,1
107,1324,2025-04-12 10:42:30,CCc1cc(Cc2ccc(OCCCCCCN(CC)CC)cc2)c(O)c(C(C)C)c1OCc3cc(Cc4ccc(OCCCCCCN(CC)CC)cc4)c(O)c(C(C)C)c3,164.11287010261725,1,1,1,1,1
108,1326,2025-04-12 10:44:52,CC(C)(C)c1cc(CCN(CCc2cc(C(C)(C)C)c(O)c(C(C)(C)C)c2)CCN(CCc2cc(C(C)(C)C)c(O)c(C(C)(C)C)c2)CCc2cc(C(C)(C)C)c(O)c(C(C)(C)C)c2)cc(C(C)(C)C)c1O,98.36292320422157,1,1,1,1,1
109,1328,2025-04-12 10:47:13,C(c1ccc(O)c(C(C)(C)C)c1)(c2ccc(O)c(C(C)(C)C)c2)(c3ccc(COCCCCCCN(CC)CC)c(O)c3C(C)(C)C),34.83042717137872,1,1,1,1,1
110,1330,2025-04-12 10:48:25,CC(C)(C)c1cc(Cc2cc(OCCCCCCN(CC)CC)c(O)c(C(C)(C)C)c2Cc2cc(OCCCCCCN(CC)CC)c(O)c(C(C)(C)C)c2Cc2cc(OCCCCCCN(CC)CC)c(O)c(C(C)(C)C)c2)c(O)c(C(C)(C)C)c1OCCCCCCN(CC)CC,0,0,1,0,1,1
111,1332,2025-04-12 10:49:59,C(Cc1c(c(c(c1O)C(C)(C)C)C(C)(C)C))(Cc2c(c(c(c2O)C(C)(C)C)C(C)(C)C))(Cc3c(c(c(c3O)C(C)(C)C)C(C)(C)C))(Cc4c(c(c(c4O)C(C)(C)C)C(C)(C)C),0,0,0,0,0,0
112,1334,2025-04-12 10:51:01,CC(C)c1cc(Cc2ccc(OCCN(c3ccccc3)c3ccccc3)cc2)c(O)c(C(C)C)c1OCc1cc(Cc2ccc(OCCN(c3ccccc3)c3ccccc3)cc2)c(O)c(C(C)C)c1,259.91288028961355,1,1,1,1,1
113,1336,2025-04-12 10:53:07,CC(C)(C)c1cc(Cc2ccc(OCCN(c3ccccc3)c3ccc(OCCN(c4ccccc4)c4ccccc4)cc3)cc2)c(O)c(C(C)(C)C)c1OCc1cc(Cc2ccc(OCCN(c3ccccc3)c3ccc(OCCN(c4ccccc4)c4ccccc4)cc3)cc2)c(O)c(C(C)(C)C)c1,0,0,1,0,1,1
114,1338,2025-04-12 10:54:29,C([CH2]c1(O)c(cc(c1)C(C)(C)C)C(C)(C)C)([CH2]c2(O)c(cc(c2)C(C)(C)C)C(C)(C)C)([CH2]c3(O)c(cc(c3)C(C)(C)C)C(C)(C)C)([CH2]c4(O)c(cc(c4)C(C)(C)C)C(C)(C)C),0,0,1,1,1,1
115,1340,2025-04-12 10:55:43,CC(C)(C)c1cc(Cc2ccc(N(c3ccccc3)CCOc3ccc(N(c4ccccc4)c4ccccc4)cc3)cc2)c(O)c(C(C)(C)C)c1,153.69464200312558,1,1,1,1,1
116,1342,2025-04-12 10:56:46,C([CH2]c1c(C(C)(C)C)cc(O)cc1C(C)(C)C)([CH2]c2c(C(C)(C)C)cc(O)cc2C(C)(C)C)([CH2]c3c(C(C)(C)C)cc(O)cc3C(C)(C)C)([CH2]c4c(C(C)(C)C)cc(O)cc4C(C)(C)C),58.89991346517452,1,1,1,1,1
117,1344,2025-04-12 10:59:35,CC(C)(C)c1cc(Cc2ccc(OCCN(c3ccc(C(C)(C)C)cc3)c3ccc(OCCN(c4ccccc4)c4ccccc4)cc3)cc2)c(O)c(C(C)(C)C)c1OCc1cc(Cc2ccc(OCCN(c3ccc(C(C)(C)C)cc3)c3ccc(OCCN(c4ccccc4)c4ccccc4)cc3)cc2)c(O)c(C(C)(C)C)c1,0,0,1,0,1,1
118,1346,2025-04-12 11:01:03,C([CH2]c1c(C(C)(C)C)cc(O)cc1C(C)(C)C)([CH2]c2c(C(C)(C)C)cc(O)cc2C(C)(C)C)([CH2]c3c(C(C)(C)C)cc(O)cc3C(C)(C)C)([CH2]c4c(C(C)(C)C)cc(O)cc4C(C)(C)C),58.89991346517452,1,1,1,1,1
119,1348,2025-04-12 11:03:28,C([CH2]c1c(C(C)(C)C)cc(O)cc1C(C)(C)COC[CH2]c2c(C(C)(C)C)cc(O)cc2C(C)(C)C)([CH2]c3c(C(C)(C)C)cc(O)cc3C(C)(C)COC[CH2]c4c(C(C)(C)C)cc(O)cc4C(C)(C)C)([CH2]c5c(C(C)(C)C)cc(O)cc5C(C)(C)COC[CH2]c6c(C(C)(C)C)cc(O)cc6C(C)(C)C),0,0,1,0,1,1
120,1350,2025-04-12 11:05:15,CCc1cc(Cc2ccc(OCCN(c3ccc(Cc4cc(C)c(O)c(C(C)C)c4)cc3)c3ccc(N(c4ccccc4)c4ccccc4)cc3)cc2)c(O)c(C(C)C)c1,206.09386740020472,1,1,1,1,1
121,1354,2025-04-12 11:07:15,CC(C)(C)c1c(O)c(C(C)(C)C)c(C(C)(C)C)c(O)c1C(C)(C)C,9.13754503858438,1,1,1,1,1
122,1356,2025-04-12 11:13:04,CC(C)(C)c1c(O)c(C(C)(C)C)c(-c2c(O)c(C(C)(C)C)c(C(C)(C)C)c(C(C)(C)C)c2O)c(C(C)(C)C)c1O,76.37468597164334,1,1,1,1,1
123,1360,2025-04-12 11:15:06,O=P(Oc1c(C(C)(C)C)c(C(C)(C)C)c(O)c(C(C)(C)C)c1O)(Oc1c(C(C)(C)C)c(C(C)(C)C)c(O)c(C(C)(C)C)c1O)Oc1c(C(C)(C)C)c(C(C)(C)C)c(O)c(C(C)(C)C)c1O,199.93678196378858,1,1,1,1,1
124,1362,2025-04-12 11:16:07,CC(C)(C)c1cc(Cc2ccc(OCCN(c3ccc(CC#N)cc3)c3ccc(CC#N)cc3)cc2)c(O)c(C(C)(C)C)c1OCc1cc(Cc2ccc(OCCN(c3ccc(P(c4ccccc4)c4ccccc4)cc3)c3ccc(P(c4ccccc4)c4ccccc4)cc3)cc2)c(O)c(C(C)(C)C)c1,0,0,1,0,1,1
125,1364,2025-04-12 11:38:50,CC(C)(C)c1c(O)c(C(C)(C)C)c(-c2c(O)c(C(C)(C)C)c(-c3c(O)c(C(C)(C)C)c(-c4c(O)c(C(C)(C)C)c(C(C)(C)C)c(C(C)(C)C)c4O)c(C(C)(C)C)c3O)c(C(C)(C)C)c2O)c(C(C)(C)C)c1O,224.97221175503535,1,1,1,1,1
126,1365,2025-04-12 11:38:50,O=P(Oc1c(C(C)(C)C)c(C(C)(C)C)c(O)c(C(C)(C)C)c1O)(Oc2c(C(C)(C)C)c(C(C)(C)C)c(O)c(C(C)(C)C)c2O)Oc3c(C(C)(C)C)c(C(C)(C)C)c(O)c(C(C)(C)C)c3O,199.9367819637887,1,1,1,1,1
127,1366,2025-04-12 11:38:50,CC(C)(C)c1ccc(Nc2c(C(C)(C)C)c(O)c(C(C)(C)C)c2)cc1,0,0,0,0,0,0
128,1368,2025-04-12 11:42:56,CC(C)(C)c1cc(CP(Oc2ccc(N(c3ccccc3)c3ccccc3)cc2)c2ccccc2)c(O)c(C(C)(C)C)c1,118.07913302960371,1,1,1,1,1
129,1369,2025-04-12 11:42:56,CC(C)(C)c1cc(OP(Oc2cc(C(C)(C)C)c(O)c(C(C)(C)C)c2)c2ccccc2)c(O)c(C(C)(C)C)c1,100.00305259216819,1,1,1,1,1
130,1370,2025-04-12 11:42:56,CC(C)(C)c1cc(OP(=O)(Oc2ccc(N(C)C)cc2)Oc2ccc(N(C)C)cc2)c(O)c(C(C)(C)C)c1,14.729970836470198,1,1,1,1,1
131,1371,2025-04-12 11:42:56,CC(C)(C)c1cc(Cc2ccc(N(c3ccccc3)c3ccc(P(c4ccccc4)c4ccccc4)cc3)cc2)c(O)c(C(C)(C)C)c1,117.27580575573654,1,1,1,1,1
132,1372,2025-04-12 11:42:56,CC(C)(C)c1cc(CP(=O)(c2ccccc2)c2ccc(N(c3ccccc3)c3ccccc3)cc2)c(O)c(C(C)(C)C)c1,127.49538015974154,1,1,1,1,1
133,1374,2025-04-12 11:44:21,CC(C)(C)c1cc(O)c(C(C)(C)C)c(c1)C(c2c(O)c(C(C)(C)C)cc(C(C)(C)C)c2)(c3c(O)c(C(C)(C)C)cc(C(C)(C)C)c3)c4c(O)c(C(C)(C)C)cc(C(C)(C)C)c4,103.02979568431326,1,1,1,1,1
134,1375,2025-04-12 11:44:21,O=P(Oc1c(C(C)(C)C)cc(O)c(C(C)(C)C)c1)(Oc2c(C(C)(C)C)cc(O)c(C(C)(C)C)c2)Oc3c(C(C)(C)C)cc(O)c(C(C)(C)C)c3,8.892404067970592,1,1,1,1,1
135,1376,2025-04-12 11:44:21,CC(C)(C)c1cc(O)c(C(C)(C)C)c(c1)SCCSCCc2c(O)c(C(C)(C)C)cc(C(C)(C)C)c2O,7.441546299331677,1,1,1,1,1
136,1378,2025-04-12 11:49:30,CC1=C(C=CC(=C1)[C@H](CN(CCC2=CC=C(C=C2)N(CC3=CC=CC=C3)C[C@H](C4=CC=CC=C4)O)CC5=CC=CC=C5)O)OCC6=CC=CC=C6,0,0,1,1,1,1
137,1379,2025-04-12 11:49:30,CCCCCCOC1=CC(=C(C=C1)C2=CC=C(C=C2)N(C3=CC=C(C=C3)C4=C(C=C(C=C4)OCCCCCC)OCCCCCC)C5=CC=C(C=C5)C(C)C)OCCCCCC,0,0,1,1,1,1
138,1380,2025-04-12 11:49:30,CCCC1=CC2=C(C=C1)OCC(N(C(COC3=C(C2)C=C(C=C3)CCC)CO)C4=CC=C(C=C4)CCN(C(CO)COC5=CC(=C(C=C5)CCC)C)C(CO)COC6=CC(=C(C=C6)CCC)C)CO,0,0,1,1,1,1
139,1381,2025-04-12 11:49:30,CCCC1=CC2=C(C=C1)OCC(N(C(COC3=C(C2)C=C(C=C3)CCC)CO)C4=CC=C(C=C4)CCN5C(COC6=CC(=C(C=C6)CCC)CC7=C(C=CC(=C7)OCC5CO)CCC)CO)CO,0,0,1,1,1,1
140,1382,2025-04-12 11:49:30,CC(C)(C)C1=CC2=C(C(=C1)CC3=CC(=CC4=C3OCCOCCN(CCOCCOC5=C(CC6=C(C(=CC(=C6)C(C)(C)C)C4)O)C=C(C=C5C2)C(C)(C)C)C7=CC=CC=C7)C(C)(C)C)O,187.3543291193262,1,1,1,1,1
141,1384,2025-04-12 11:50:54,CC(C)(C)c1cc(Cc2ccc(OCCN(c3ccc(N(C)C)cc3)c3ccc(N(C)C)cc3)cc2)c(O)c(C(C)(C)C)c1OCc1cc(Cc2ccc(OCCN(c3ccc(N(C)C)cc3)c3ccc(N(C)C)cc3)cc2)c(O)c(C(C)(C)C)c1,0,0,1,0,1,1
142,1385,2025-04-12 11:50:54,CC(C)(C)c1cc(Cc2ccc(OCCN(c3ccc(SC)cc3)c3ccc(SC)cc3)cc2)c(O)c(C(C)(C)C)c1OCc1cc(Cc2ccc(OCCN(c3ccc(SC)cc3)c3ccc(SC)cc3)cc2)c(O)c(C(C)(C)C)c1,0,0,1,0,1,1
143,1386,2025-04-12 11:50:54,CC(C)(C)c1cc(Cc2ccc(OCCN(c3ccc(SCC=C)cc3)c3ccc(SCC=C)cc3)cc2)c(O)c(C(C)(C)C)c1OCc1cc(Cc2ccc(OCCN(c3ccc(SCC=C)cc3)c3ccc(SCC=C)cc3)cc2)c(O)c(C(C)(C)C)c1,0,0,1,0,1,1
144,1387,2025-04-12 11:50:54,CC(C)(C)c1cc(Cc2ccc(OCCN(c3ccc(SC(=O)OC)cc3)c3ccc(SC(=O)OC)cc3)cc2)c(O)c(C(C)(C)C)c1OCc1cc(Cc2ccc(OCCN(c3ccc(SC(=O)OC)cc3)c3ccc(SC(=O)OC)cc3)cc2)c(O)c(C(C)(C)C)c1,0,0,1,0,1,1
145,1388,2025-04-12 11:50:54,CC(C)(C)c1cc(Cc2ccc(OCCN(c3ccc(OC)c(OC)c3)c3ccc(OC)c(OC)c3)cc2)c(O)c(C(C)(C)C)c1OCc1cc(Cc2ccc(OCCN(c3ccc(OC)c(OC)c3)c3ccc(OC)c(OC)c3)cc2)c(O)c(C(C)(C)C)c1,0,0,1,0,1,1
146,1403,2025-04-12 11:53:10,CC1=C(C=C2CC3=C(C(=CC(=C3C)C(C)(C)C)CC4=C(C(=CC(=C4C)C(C)(C)C)CC5=C(C(=CC(=C5C)C(C)(C)C)CC1=C2O)O)O)O)C(C)(C)C,119.67733597158761,1,1,1,1,1
147,1405,2025-04-12 11:54:13,CC(C)(C)c1c(O)c(C(C)(C)C)c(SC(C)(C)C)c(O)c(C(C)(C)C)c1O,0,0,0,0,0,0
148,1406,2025-04-12 11:54:13,O=P(Oc1c(C(C)(C)C)c(O)c(C(C)(C)C)c(C(C)(C)C)c1O)(Oc2c(C(C)(C)C)c(O)c(C(C)(C)C)c(C(C)(C)C)c2O)O,8.4472791678388,1,1,1,1,1
149,1408,2025-04-12 11:55:35,CC(C)(C)c1cc(Cc2ccc(OCCN(c3ccc(OC)cc3)c3ccc(SC)cc3)cc2)c(O)c(C(C)(C)C)c1,12.135100544790115,1,1,1,1,1
150,1511,2025-04-12 11:59:44,O=P(Oc1c(C(C)(C)C)cc(O)c(C(C)(C)C)c1)(Oc2c(C(C)(C)C)cc(O)c(C(C)(C)C)c2)Oc3c(C(C)(C)C)cc(O)c(C(C)(C)C)c3,8.892404067970592,1,1,1,1,1
151,1512,2025-04-12 11:59:44,Oc1c(C(C)(C)C)cc(Sc2ccc(O)c(C(C)(C)C)c(C(C)(C)C)c2)cc(C(C)(C)C)c1O,0,0,0,0,0,0
152,1513,2025-04-12 11:59:44,CC(C)(C)c1cc(Oc2cc(C(C)(C)C)c(O)c(C(C)(C)C)c2)c(O)c(C(C)(C)C)c1,62.31533871650511,1,1,1,1,1
153,1515,2025-04-12 12:00:48,CC(C)(C)c1cc(O)c(c(c1)C(C)(C)C)Oc2ccc(N(c3ccc(C(C)(C)C)cc3)P(=O)(Oc4ccc(C(C)(C)C)cc4)Oc5ccc(C(C)(C)C)cc5)cc2,74.1777701954369,1,1,1,1,1
154,1517,2025-04-12 12:01:50,CC(C)(C)c1cc(OCCN(c2ccc(Cc3cc(C(C)(C)C)c(O)c(C(C)(C)C)c3O)cc2)c2ccc(Cc3cc(C(C)(C)C)c(O)c(C(C)(C)C)c3O)cc2)c(O)c(C(C)(C)C)c1O,193.35685789287524,1,1,1,1,1
155,1530,2025-04-12 12:02:52,CC(C)(C)c1cc(O)c(c(c1)C(C)(C)C)Oc2ccc(N(c3ccc(C(C)(C)C)cc3)P(=O)(Oc4ccc(C(C)(C)C)cc4)Oc5ccc(C(C)(C)C)cc5)cc2,74.1777701954369,1,1,1,1,1
156,1532,2025-04-12 12:07:14,CC(C)(C)C1=C(C(=CC(=C1O)C(C)(C)C)C(C)(C)C)OCC(C)(C)C2=C(C(=CC(=C2O)C(C)(C)C)C(C)(C)C)OCC(C)(C)C3=C(C(=CC(=C3O)C(C)(C)C)C(C)(C)C)O,138.87164626300853,1,1,1,1,1
157,1534,2025-04-12 12:08:21,CC(C)(C)c1cc(OCCN(c2ccc(OP(=O)(Oc3cc(C(C)(C)C)c(O)c(C(C)(C)C)c3O)Oc3cc(C(C)(C)C)c(O)c(C(C)(C)C)c3O)cc2)c2ccc(Cc3cc(C(C)(C)C)c(O)c(C(C)(C)C)c3O)cc2)c(O)c(C(C)(C)C)c1O,0,0,1,0,1,1
158,1547,2025-04-12 12:10:42,CC(C)(C)c1c(O)c(-c2c(O)c(-c3c(O)c(-c4c(O)c(-c5c(O)c(C(C)(C)C)c(-c6cc(N(c7ccccc7))ccc6O)c5O)c4O)c3O)c2O)c1O,0,0,0,0,0,0
159,1549,2025-04-12 12:13:40,CC(C)(C)c1cc(C(C)(C)C)c(OP(Oc2cc(C(C)(C)C)cc(C(C)(C)C)c2)Oc3cc(C(C)(C)C)cc(C(C)(C)C)c3)cc1,0,0,1,1,1,1
160,1550,2025-04-12 12:13:40,CC(C)(C)c1cc(CCC(=O)OCCSCCOC(=O)CCc2cc(C(C)(C)C)c(O)c(C(C)(C)C)c2)c(O)c(C(C)(C)C)c1,14.906703662363467,1,1,1,1,1
161,1552,2025-04-12 12:16:09,CC(C)(C)c1cc(C=Nc2ccc(N(c3ccc(N=Cc4cc(C(C)(C)C)c(O)c(C(C)(C)C)c4O)cc3)c3ccc(N=Cc4cc(C(C)(C)C)c(O)c(C(C)(C)C)c4O)cc3)cc2)c(O)c(C(C)(C)C)c1O,23.954271117970194,1,1,1,1,1
162,1556,2025-04-12 12:17:13,CC(C)(C)c1cc(Cc2ccc(N(c3ccc(CC4=CC(=C(O)C(=C4)C(C)(C)C)C(C)(C)C)cc3)c3ccc(CC4=CC(=C(O)C(=C4)C(C)(C)C)C(C)(C)C)cc3)cc2)c(O)c(C(C)(C)C)c1,154.60874173578938,1,1,1,1,1
163,1558,2025-04-12 12:19:34,CC(C)(C)c1cc(Cc2cc(Cc3cc(C(C)(C)C)c(O)c(C(C)(C)C)c3)cc(Cc3cc(C(C)(C)C)c(O)c(C(C)(C)C)c3)c2)c(O)c(C(C)(C)C)c1,93.14007262656511,1,1,1,1,1
164,1560,2025-04-12 12:20:35,c1(Sc2cc(O)c(N(c3ccccc3)c3ccccc3)cc2)cc(Sc2cc(O)c(N(c3ccccc3)c3ccccc3)cc2)cc1Sc2cc(O)c(N(c3ccccc3)c3ccccc3)cc2,0,0,0,0,0,0
165,1562,2025-04-12 12:22:46,CC(C)(C)c1cc(P(=O)(c2ccccc2)c2ccc(Nc3ccccc3)cc2)c(O)c(C(C)(C)C)c1,105.98137337876146,1,1,1,1,1
166,1563,2025-04-12 12:22:46,CC(C)(C)c1cc(S(=O)(=O)c2ccc(Nc3ccccc3)cc2)c(O)c(C(C)(C)C)c1,5.14005469900254,1,1,1,1,1
167,1564,2025-04-12 12:22:46,CC(C)(C)c1cc(Cc2cc(Cc3cc(C(C)(C)C)c(O)c(C(C)(C)C)c3)c(Cc3cc(C(C)(C)C)c(O)c(C(C)(C)C)c3)cc2Cc2cc(C(C)(C)C)c(O)c(C(C)(C)C)c2)c(O)c(C(C)(C)C)c1,152.1766843167908,1,1,1,1,1
168,1566,2025-04-12 12:23:49,c1c(Sc2cc(N(c3ccccc3)c3ccccc3)c(O)cc2)cc(Sc2cc(N(c3ccccc3)c3ccccc3)c(O)cc2)cc(Sc2cc(N(c3ccccc3)c3ccccc3)c(O)cc2)c1,0,0,0,0,0,0
169,1637,2025-04-12 12:27:45,CC(C)(C)c1c(O)c(C(C)(C)C)c(-c2c(O)c(C(C)(C)C)c(-c3c(O)c(C(C)(C)C)c(-c4c(O)c(C(C)(C)C)c(C(C)(C)C)c(C(C)(C)C)c4O)c(C(C)(C)C)c3O)c(C(C)(C)C)c2O)c(C(C)(C)C)c1O,224.97221175503532,1,1,1,1,1
170,1641,2025-04-12 12:31:21,c1cc(Sc2cc(O)cc(N(c3ccccc3)c3ccccc3)c2)cc(Sc2cc(O)cc(N(c3ccccc3)c3ccccc3)c2)c1Sc2cc(O)cc(N(c3ccccc3)c3ccccc3)c2,9.68051071580229,1,1,1,1,1
171,1642,2025-04-12 12:31:21,c1(Sc2cc(O)c(N(c3ccccc3)c3ccccc3)cc2)cc(Sc2cc(O)c(N(c3ccccc3)c3ccccc3)cc2)cc(Sc2cc(O)c(N(c3ccccc3)c3ccccc3)cc2)c1,43.86775373699547,1,1,1,1,1
172,1748,2025-04-12 12:59:46,CC(C)(C)c1cc(Cc2ccc(OCCN(c3cc(C(C)(C)C)c(O)c(C(C)(C)C)c3C(C)(C)C)c3cc(C(C)(C)C)c(O)c(C(C)(C)C)c3C(C)(C)C)cc2)c(O)c(C(C)(C)C)c1OCc1cc(Cc2ccc(OCCN(c3cc(C(C)(C)C)c(O)c(C(C)(C)C)c3C(C)(C)C)c3cc(C(C)(C)C)c(O)c(C(C)(C)C)c3C(C)(C)C)cc2)c(O)c(C(C)(C)C)c1C(C)(C)C,0,0,1,0,1,1
173,1759,2025-04-12 13:01:04,N(c1ccc(Cc2c(C(C)(C)C)cc(C(C)(C)C)c(O)c2)cc1)c1ccc(Cc2c(C(C)(C)C)cc(C(C)(C)C)c(O)c2)cc1,91.5085640367945,1,1,1,1,1
174,1760,2025-04-12 13:01:04,Oc1c(C(C)(C)C)c(C(C)(C)C)cc(C(C)(C)C)c1Oc1c(C(C)(C)C)c(O)c(C(C)(C)C)cc1C(C)(C)C,60.83609849476391,1,1,1,1,1
175,1764,2025-04-12 13:16:42,Oc1c(C(C)(C)C)c(C(C)(C)C)cc(C(C)(C)C)c1C(c1c(O)c(C(C)(C)C)c(C(C)(C)C)cc(C(C)(C)C)c1O)c1c(O)c(C(C)(C)C)c(C(C)(C)C)cc(C(C)(C)C)c1O,0,0,0,0,0,0
176,1777,2025-04-12 13:31:35,CCCCNCc1c(C)cc(C)cc1N(c1ccccc1)c1ccccc1,0,0,1,1,1,1
177,1778,2025-04-12 13:31:35,CCCCCN(CCO)c1ccccc1C,0,0,1,1,1,1
178,1779,2025-04-12 13:31:35,CCCCN(c1ccccc1)C(C)CCO,0,0,1,1,1,1
179,1780,2025-04-12 13:31:35,CCCCCCCCCCCCCCCCOc1c(O)c(OC)cc2ccccc12,21.199993830168495,1,1,1,1,1
180,1781,2025-04-12 13:31:35,CCCCCCCCN(CCCCCCCCCC)c1ccc(Nc2ccc(O)c(C)c2)cc1,19.73068361582357,1,1,1,1,1
181,1782,2025-04-12 13:31:35,CCCCCCCCN(CC(O)CO)c1ccc(-c2ccc(CCCC)cc2)cc1C,0,0,1,1,1,1
182,1783,2025-04-12 13:31:35,CCCCCCCCCCCCCN(CCCCO)c1ccc(-c2ccccc2O)cc1,20.186335277082428,1,1,1,1,1
183,1784,2025-04-12 13:31:35,CCCCCCCCCCn1c(C)c(C)c2cc(NCCN(C)C)ccc21,56.362316957238,1,1,1,1,1
184,1785,2025-04-12 13:31:35,CCCCCCCCCc1c(C)[nH]c(-c2ccc(N(CC)CC)cc2)c1C,0,0,1,1,1,1
185,1786,2025-04-12 13:31:35,CCC(O)CCCCN(CC)c1ccccc1,0,0,1,1,1,1
186,1787,2025-04-12 13:31:35,CCCCCCCCN(CCCCCCCC)c1ccc(NCc2ccc(C)cc2C)cc1,21.915443455966304,1,1,1,1,1
187,1788,2025-04-12 13:31:35,Cc1c(CNCC(O)c2ccccc2)cccc1N(CC(C)C)CC(C)C,0,0,1,1,1,1
188,1789,2025-04-12 13:31:35,CCC(CC)(c1ccccc1)c1ccc(NCc2ccc(C)cc2)cn1,28.005365688672597,1,1,1,1,1
189,1790,2025-04-12 13:31:35,CCCCCCCCCCCCCOc1cc(CNC(C)C)c(O)c(C(C)(C)C)c1,30.31755100251506,1,1,1,1,1
190,1791,2025-04-12 13:31:35,CCCNC(Cc1ccc(N(CC)CC)cc1)c1cccc2ccccc12,0,0,1,1,1,1
191,1792,2025-04-12 13:31:35,Cc1ccccc1Nc1ccccc1,4.564424758078493,1,1,1,1,1
192,1793,2025-04-12 13:31:35,CCCC(C)NC(C)Cc1ccccc1O,3.8309940190573304,1,1,1,1,1
193,1794,2025-04-12 13:31:35,CCCCCCCCCCCCCCCCNc1cc(-c2ccccc2)cc(C)n1,9.105656027929044,1,1,1,1,1
194,1795,2025-04-12 13:31:35,CCCCc1ccc(-c2cc(NC(CC)c3ccccc3)ccn2)cc1,45.00672017674683,1,1,1,1,1
195,1796,2025-04-12 13:31:35,Cc1ccc(C)c(O)c1C,4.063298575457632,1,1,1,1,1
196,1797,2025-04-12 13:31:35,CCCCCCCCCCCC(NCCC)c1ccc2cc(O)ccc2c1OCCC,20.356201770299887,1,1,1,1,1
197,1798,2025-04-12 13:31:35,CCCCCCCCCc1ccc(-c2ccc(N(CCO)CCO)cc2)cc1,0,0,1,1,1,1
198,1799,2025-04-12 13:31:35,CCCCCC(CCO)c1ccc(N(C)Cc2ccc(CNCCC)cc2)cc1CC,0,0,1,1,1,1
199,1800,2025-04-12 13:31:35,CCCCCCCCN(CCCCCCC)c1ccc(NCc2ccc(O)cc2)cc1,11.228049863716937,1,1,1,1,1
200,1801,2025-04-12 13:31:35,CCN(CC)CCCNC(c1ccccc1)c1ccc(O)c(OC)c1,10.917321183354789,1,1,1,1,1
201,1802,2025-04-12 13:31:35,CCCCCCCCCC(CN(CCO)Cc1ccccc1)c1ccc(O)cc1,8.404945100427875,1,1,1,1,1
202,1803,2025-04-12 13:31:35,CCCCCCCCCCCCCOc1ccccc1CNC(=S)Nc1ccc(CC)cc1,45.920456976961795,1,1,1,1,1
203,1804,2025-04-12 13:31:35,CCCCCCCCCCCCNC(=NCc1ccc(O)cc1)NCc1ccccc1,5.021562216188176,1,1,1,1,1
204,1805,2025-04-12 13:31:35,CCCCCCCCCCCCNCc1cc(-c2ccc(O)cc2)c(OC)c(CC)c1,7.262730853124739,1,1,1,1,1
205,1806,2025-04-12 13:31:35,CCCCCCCCOc1ccc(CNc2cc(C(C)(C)C)c(O)c(CC)c2)cc1,60.23207595781531,1,1,1,1,1
206,1807,2025-04-12 13:31:35,CCCCCCCCCCCCc1c(O)ccc2c(O)cc(OCCCCCCCC)cc12,5.422998410451355,1,1,1,1,1
207,1808,2025-04-12 13:31:35,CCCCCCCCCCc1nc(O)c(Cc2cc(C)c(O)cc2C)cc1CCCCC,45.505300029901235,1,1,1,1,1
208,1809,2025-04-12 13:31:35,CCCCCCCCNc1cc(-c2ccc(-c3ccc(CCCCCC)cc3)cc2)nc(C)n1,44.47586307804567,1,1,1,1,1
209,1810,2025-04-12 13:31:35,CCCCN(CCCC)c1ccc(-c2ccc(CNCCO)cc2)cc1,0,0,1,1,1,1
210,1811,2025-04-12 13:31:35,CCCCCCCCCCN(C)c1cc(CNCc2ccc(C)c(C)c2)cc(C)c1C,0,0,1,1,1,1
211,1812,2025-04-12 13:31:35,CCCC(C)CCc1ccc(-c2ccc(N(CCO)CCO)cc2)cc1,0,0,1,1,1,1
212,1813,2025-04-12 13:31:35,CNc1ccccc1-c1ccccc1,6.6775246729326945,1,1,1,1,1
213,1814,2025-04-12 13:31:35,CNc1ccccc1-c1ccccc1,6.6775246729326945,1,1,1,1,1
214,1815,2025-04-12 13:31:35,CNc1ccccc1-c1ccccc1,6.6775246729326945,1,1,1,1,1
215,1816,2025-04-12 13:31:35,CCCCCCCCNc1nc(C)cc(C)c1-c1ccc(N(CCC)CCC)cc1,35.19750500084152,1,1,1,1,1
216,1817,2025-04-12 13:31:35,CCCCN(CCCC)c1ccc(-c2ccc(NCCO)cc2)cc1,49.73111498558332,1,1,1,1,1
217,1818,2025-04-12 13:31:35,CCNC(Cc1ccc(N(C)C)cc1)c1cc2cc(C)ccc2n1CC,0,0,1,1,1,1
218,1819,2025-04-12 13:31:35,COc1cc(C)c(CN(Cc2ccccc2O)CC(C)C)c(C)c1O,13.264305565264035,1,1,1,1,1
219,1820,2025-04-12 13:31:35,CCCN(CCC)c1ccc(-c2ccc(CNCCO)cc2)cc1,0,0,1,1,1,1
220,1821,2025-04-12 13:31:35,CCCCCCCCCCCCNC(=S)Nc1c(C)cc(C)cc1-c1ccccc1OC,22.35638730935981,1,1,1,1,1
221,1822,2025-04-12 13:31:35,CCCCCCCCCCCCN(c1ccc(O)cc1)c1ccc(O)c(C(C)(C)C)c1,10.844374228780666,1,1,1,1,1
222,1823,2025-04-12 13:31:35,CCCc1c(CC)c(CNC(C)Cc2ccc(O)cc2)c(C)n1C,5.681134007457733,1,1,1,1,1
223,1824,2025-04-12 13:31:35,CNc1ccccc1C,4.165804475182224,1,1,1,1,1
224,1825,2025-04-12 13:31:35,CCN(CC)c1ccc(-c2ccc(NC(C)c3ccc(C)cc3)cc2)cc1,61.665906062837266,1,1,1,1,1
225,1826,2025-04-12 13:31:35,CCCCN(CCC)CCOc1ccc(-c2cc(C(C)(C)C)c(O)c(C)c2)cc1,34.03295903167276,1,1,1,1,1
226,1827,2025-04-12 13:31:35,CCC(CC)CN(CC)CCN(CC)c1ccc(Nc2ccc(C)cc2C)cc1,45.983113699815114,1,1,1,1,1
227,1828,2025-04-12 13:31:35,CCc1cc(C)c(O)cc1C,3.9816772914103025,1,1,1,1,1
228,1829,2025-04-12 13:31:35,CCCCC(C)c1ccc(O)c(OCC)c1,3.8287306814946005,1,1,1,1,1
229,1830,2025-04-12 13:31:35,Cc1cc(C)c(O)c(C)c1,4.084059423968012,1,1,1,1,1
230,1831,2025-04-12 13:31:35,CNC(CCCCc1ccc(N(C)C)cc1)c1cccc2ccn(C)c12,0,0,1,1,1,1
231,1832,2025-04-12 13:31:35,CCCCN(CCCC)c1cc(CNCc2ccc(O)cc2)ccc1C,9.867312762871482,1,1,1,1,1
232,1833,2025-04-12 13:31:35,CCCc1c(O)cccc1C,3.9508431495308782,1,1,1,1,1
233,1834,2025-04-12 13:31:35,CCc1cccc(O)c1C,4.069014020708259,1,1,1,1,1
234,1835,2025-04-12 13:31:35,CCc1cccc(O)c1C,4.069014020708259,1,1,1,1,1
235,1836,2025-04-12 13:31:35,CCc1cccc(O)c1C,4.069014020708259,1,1,1,1,1
236,1837,2025-04-12 13:31:35,CCCCCCCCCCCCCCCCNC(=S)Nc1ccccc1-n1cccc1,54.980060156035385,1,1,1,1,1
237,1838,2025-04-12 13:31:35,CCCCCCCCCCCCCNC(c1ccc(O)cc1)c1ccc(OC)cc1,7.223244616928568,1,1,1,1,1
238,1839,2025-04-12 13:31:35,Cc1cccc(O)c1C,4.214733615588553,1,1,1,1,1
239,1840,2025-04-12 13:31:35,CNc1cc(C)ccc1C,4.0529811111031835,1,1,1,1,1
240,1841,2025-04-12 13:31:35,CCc1cc(C)cc(C)c1O,3.9732561685781382,1,1,1,1,1
241,1842,2025-04-12 13:31:35,CCc1cc(C)cc(C)c1O,3.9732561685781382,1,1,1,1,1
242,1843,2025-04-12 13:31:35,CCc1cc(O)c(C)cc1C,3.9838695735825578,1,1,1,1,1
243,1844,2025-04-12 13:31:35,CCCCCCCCCCCc1cc(O)cc(-c2ccc(CO)c(CN(CC)CC)c2)c1,37.26475348506863,1,1,1,1,1
244,1845,2025-04-12 13:31:35,COCCc1ccccc1O,4.115241489273683,1,1,1,1,1
245,1846,2025-04-12 13:31:35,CCCCCCCCCCCCNCc1ccc(-c2ccc(N(C)C)cc2)cc1,0,0,1,1,1,1
246,1847,2025-04-12 13:31:35,CCc1c(O)cccc1C,4.04094631573186,1,1,1,1,1
247,1848,2025-04-12 13:31:35,CCc1c(O)cccc1C,4.04094631573186,1,1,1,1,1
248,1849,2025-04-12 13:31:35,CCc1c(O)cccc1C,4.04094631573186,1,1,1,1,1
249,1850,2025-04-12 13:31:35,CCCCCCN(CCCCC)c1cc2ccccc2cc1CNCCC,0,0,1,1,1,1
250,1851,2025-04-12 13:31:35,CCCCCCCCCCCCNc1c(C)cc(C)cc1-n1c(C)ccc1C,50.351099522445615,1,1,1,1,1
251,1852,2025-04-12 13:31:35,CCc1ccc(NC(c2ccc(CC)cc2)c2ccc(C)cc2)nc1,40.92693570338536,1,1,1,1,1
252,1853,2025-04-12 13:31:35,CCCCNCc1ccc(N(C)C)cc1,0,0,1,1,1,1
253,1854,2025-04-12 13:31:35,CCCCCCCCCc1ccc(O)cn1,3.9850928538473056,1,1,1,1,1
254,1855,2025-04-12 13:31:35,CCc1ccc(CNCc2ccc(N(CC)CC)cc2)cc1,0,0,1,1,1,1
255,1856,2025-04-12 13:31:35,CCCCCCCCN(CCC)c1ccc(Nc2ccc(C(C)(C)C)cc2)cn1,25.88442923025191,1,1,1,1,1
256,1857,2025-04-12 13:31:35,CCN(CC)c1ccc(N(Cc2ccc(O)c(O)c2)C(C)C)cc1,38.307891400406625,1,1,1,1,1
257,1858,2025-04-12 13:31:35,CCc1cc(C)c(O)cc1,4.177835590250233,1,1,1,1,1
258,1859,2025-04-12 13:31:35,CCc1cc(C)c(O)cc1,4.177835590250233,1,1,1,1,1
259,1860,2025-04-12 13:31:35,CCc1cc(C)c(O)cc1,4.177835590250233,1,1,1,1,1
260,1861,2025-04-12 13:31:35,CCc1cc(C)c(O)cc1,4.177835590250233,1,1,1,1,1
261,1862,2025-04-12 13:31:35,CCc1cc(C)c(O)cc1,4.177835590250233,1,1,1,1,1
262,1863,2025-04-12 13:31:35,CCc1cc(C)c(O)cc1,4.177835590250233,1,1,1,1,1
263,1864,2025-04-12 13:31:35,CCc1cc(C)c(O)cc1,4.177835590250233,1,1,1,1,1
264,1865,2025-04-12 13:31:35,CCc1cc(C)c(O)cc1,4.177835590250233,1,1,1,1,1
265,1866,2025-04-12 13:31:35,CCc1cc(C)c(O)cc1,4.177835590250233,1,1,1,1,1
266,1867,2025-04-12 13:31:35,CCCc1ccc(OCCCNC(c2ccc(O)cc2)C(C)C)cc1,8.337495008247094,1,1,1,1,1
267,1868,2025-04-12 13:31:35,CCc1ccc(C)c(O)c1,4.253507968551719,1,1,1,1,1
268,1869,2025-04-12 13:31:35,CCc1ccc(C)c(O)c1,4.253507968551719,1,1,1,1,1
269,1870,2025-04-12 13:31:35,CCCCCN(CCCC)c1ccc(CNC(=S)NCCc2ccc(C)cc2)cc1,0,0,1,1,1,1
270,1871,2025-04-12 13:31:35,CCCCN(CCCO)Cc1ccc(NCc2ccc(C)cc2)cc1,18.778768614350017,1,1,1,1,1
271,1872,2025-04-12 13:31:35,CCc1cc(O)ccc1N(CC)CC,3.9115180155306133,1,1,1,1,1
272,1873,2025-04-12 13:31:35,CCCCCCCCCCCNc1cc(-c2ccc(C(C)(C)C)cc2)cc(CO)c1,39.17792740407424,1,1,1,1,1
273,1874,2025-04-12 13:31:35,Cc1cccc(C)c1O,4.273240543245751,1,1,1,1,1
274,1875,2025-04-12 13:31:35,Cc1cccc(C)c1O,4.273240543245751,1,1,1,1,1
275,1876,2025-04-12 13:31:35,CCc1cc(C)ccc1O,4.137280121144288,1,1,1,1,1
276,1889,2025-04-12 13:35:00,CCCCN(CCC)Cc1ccc(O)cc1,3.790261768637121,1,1,1,1,1
277,1890,2025-04-12 13:35:00,CCc1ccc(C)cc1O,4.138062604763455,1,1,1,1,1
278,1891,2025-04-12 13:35:00,CCc1ccccc1O,4.2907593077166375,1,1,1,1,1
279,1892,2025-04-12 13:35:00,CCCCCCCCCCCc1ccc(CNc2cc(C)cc(CCC)c2)nc1,5.3637318617568495,1,1,1,1,1
280,1893,2025-04-12 13:35:00,CCCCCCCCCCCCNC(=S)Nc1ccc(-c2ccc(N(C)C)cc2)cc1,52.96491660205503,1,1,1,1,1
281,1894,2025-04-12 13:35:00,CCc1cc(O)ccc1C,4.143390641472583,1,1,1,1,1
282,1895,2025-04-12 13:35:00,CCc1cc(O)ccc1C,4.143390641472583,1,1,1,1,1
283,1896,2025-04-12 13:35:00,CCCCCCCCCCCCCNc1cc(-c2ccc(C)cc2)nc(C)c1,9.883206748312166,1,1,1,1,1
284,1897,2025-04-12 13:35:00,CCCCCCc1ccc(-c2ncccc2-c2ccc(NC)cc2)cc1,45.40259441964,1,1,1,1,1
285,1898,2025-04-12 13:35:00,CCc1cc(C)c(O)cn1,4.160224919143156,1,1,1,1,1
286,1899,2025-04-12 13:35:00,CCCCc1ccc(-c2ccc(-c3ccc(NCCC)cc3)nc2)cc1,22.59172805124495,1,1,1,1,1
287,1900,2025-04-12 13:35:00,CCCCCCNC(CCCCCN(C)C)c1ccc(-c2ccc(O)cc2)cc1,8.816213610428486,1,1,1,1,1
288,1901,2025-04-12 13:35:00,COc1cccc(C)c1O,3.955737435972627,1,1,1,1,1
289,1902,2025-04-12 13:35:00,CCCCCCCCCCCc1c(O)cc(O)cc1CCCCCCCC,9.664931952176689,1,1,1,1,1
290,1903,2025-04-12 13:35:00,CCCCCCCCCCCCCNC(=S)Nc1ccc(N(CC)CC)cc1,23.221669773269927,1,1,1,1,1
291,1904,2025-04-12 13:35:00,CCc1ccc(O)cc1C,4.164485395506711,1,1,1,1,1
292,1905,2025-04-12 13:35:00,Cc1c(O)cccc1C,4.214733615588552,1,1,1,1,1
293,1906,2025-04-12 13:35:00,COc1c(O)cccc1C,4.079559111686066,1,1,1,1,1
294,1907,2025-04-12 13:35:00,CC=CC(=Cc1ccc(O)c(C)c1)CNCC(C)CCCCN(CCC)CCCC,12.182822194462057,1,1,1,1,1
295,1908,2025-04-12 13:35:00,Cc1ccc(C)c(O)c1,4.294701622943578,1,1,1,1,1
296,1909,2025-04-12 13:35:00,CCCCN(CCCC)CCCCCCNC(=S)Nc1cccc2ccccc12,52.14865930693709,1,1,1,1,1
297,1910,2025-04-12 13:35:00,CCc1ccc(O)c(C)c1,4.177835590250231,1,1,1,1,1
298,1911,2025-04-12 13:35:00,CCCCCCc1ccc(-c2cccc(-c3ccc(NCC)cc3)c2)nc1,38.62826500258053,1,1,1,1,1
299,1912,2025-04-12 13:35:00,CCCCCCc1ccc(-c2ccc(Nc3ccc(C)cc3)cc2)nc1,28.65812038579946,1,1,1,1,1
300,1913,2025-04-12 13:35:00,CNc1cc(-c2ccccc2)ccn1,4.848730780400779,1,1,1,1,1
301,1914,2025-04-12 13:35:00,CCCCCN(CCCCC)C(=S)Nc1ccc(NCc2ccc(C(C)(C)C)cc2)cn1,42.389357533492685,1,1,1,1,1
302,1915,2025-04-12 13:35:00,Cc1ccc(Nc2ccccc2)cc1,4.176326236941864,1,1,1,1,1
303,1916,2025-04-12 13:35:00,CCCCN(CCCC)c1ccc(NCc2ccc(O)cc2)nc1,4.4840703855051744,1,1,1,1,1
304,1917,2025-04-12 13:35:00,CNc1cc(C)c(C)cn1,4.068540740021817,1,1,1,1,1
305,1918,2025-04-12 13:35:00,COc1ccccc1O,4.320814715465881,1,1,1,1,1
306,1919,2025-04-12 13:35:00,CCc1c[nH]cc1O,4.5910654905633175,1,1,1,1,1
307,1920,2025-04-12 13:35:00,Cc1ccc(CO)c(O)c1,4.183195654769106,1,1,1,1,1
308,1921,2025-04-12 13:35:00,Cc1ccc(O)c(C)c1,4.295256727180274,1,1,1,1,1
309,1922,2025-04-12 13:35:00,CCCc1ccc(O)cn1,4.294209244293879,1,1,1,1,1
310,1923,2025-04-12 13:35:00,CCCCCCCCCCCc1c(O)cc(O)cc1CCCCCC,8.510802026112783,1,1,1,1,1
311,1924,2025-04-12 13:35:00,CCCc1c(CC)cc(C)c(O)c1C=NN(CCCC)CCCC,13.611693722915719,1,1,1,1,1
312,1925,2025-04-12 13:35:00,CNc1cc2ccccc2cc1C,6.268120987677831,1,1,1,1,1
313,1926,2025-04-12 13:35:00,CCCc1ccc(O)cc1,4.326677166910742,1,1,1,1,1
314,1927,2025-04-12 13:35:00,Cc1ccc(NC)cc1,4.219610579482997,1,1,1,1,1
315,1928,2025-04-12 13:35:00,Cc1ccnc(C)c1O,4.24900875738276,1,1,1,1,1
316,1929,2025-04-12 13:35:00,Cc1ccc(O)cc1C,4.30992187732665,1,1,1,1,1
317,1930,2025-04-12 13:35:00,Cc1cc(O)ccc1C,4.309921877326649,1,1,1,1,1
318,1931,2025-04-12 13:35:00,CCc1cccc(O)c1,4.42855421748933,1,1,1,1,1
319,1932,2025-04-12 13:35:00,CCc1cc(C)cc(O)c1,4.222830727119276,1,1,1,1,1
320,1933,2025-04-12 13:35:00,CCc1cc(O)ccn1,4.428889213977727,1,1,1,1,1
321,1934,2025-04-12 13:35:00,CNc1cc(C)cc(C)c1,4.103562558975528,1,1,1,1,1
322,1935,2025-04-12 13:35:00,C1=CC(Nc2cccc3ccccc23)=CC1,26.75671278531094,1,1,1,1,1
323,1936,2025-04-12 13:35:00,C(=C(Nc1ccccc1)c1ccccc1)c1ccccc1,25.70071785550788,1,1,1,1,1
324,1937,2025-04-12 13:35:00,CCc1ccc(O)cn1,4.405960274804608,1,1,1,1,1
325,1938,2025-04-12 13:35:00,CC(C)(C)c1ccc(O)cc1,3.6253836271938056,1,1,1,1,1
326,1939,2025-04-12 13:35:00,CCc1cc(C)cnc1O,4.128057439476444,1,1,1,1,1
327,1940,2025-04-12 13:35:00,C=Cc1c(O)cccc1C,4.14542363323002,1,1,1,1,1
328,1941,2025-04-12 13:35:00,CCc1ccc(O)cc1,4.480713862071391,1,1,1,1,1
329,1942,2025-04-12 13:35:00,CCc1ccc(O)cc1,4.480713862071391,1,1,1,1,1
330,1943,2025-04-12 13:35:00,c1ccccc1Nc1cccc2ccccc12,21.97952419818249,1,1,1,1,1
331,1944,2025-04-12 13:35:00,c1cccc(Nc2ccccc2)c1,4.1547052056056275,1,1,1,1,1
332,1945,2025-04-12 13:35:00,CCc1cc(O)cc(C)c1,4.222830727119275,1,1,1,1,1
333,1946,2025-04-12 13:35:00,Cc1c(N)cccc1C,4.111082127911091,1,1,1,1,1
334,1947,2025-04-12 13:35:00,CCNc1ccc(O)cc1,4.1687498828270595,1,1,1,1,1
335,1948,2025-04-12 13:35:00,CC=C(C)c1ccc(O)cc1,4.22603602214955,1,1,1,1,1
336,1949,2025-04-12 13:35:00,CNc1ccc(-c2ccncc2)cc1,4.007718554070527,1,1,1,1,1
337,1950,2025-04-12 13:35:00,CC=Cc1ccc(O)cc1C,4.195578267485263,1,1,1,1,1
338,1951,2025-04-12 13:35:00,Cc1ccc(Nc2ccccn2)cc1,3.9710265593581164,1,1,1,1,1
339,1952,2025-04-12 13:35:00,Cc1nc(C)ccc1O,4.308785832993122,1,1,1,1,1
340,1953,2025-04-12 13:35:00,C=CCc1ccc(O)cn1,4.395125905791186,1,1,1,1,1
341,1954,2025-04-12 13:35:00,c1ccc(CNc2cccc3cccnc23)cc1,18.80074481541415,1,1,1,1,1
342,1955,2025-04-12 13:35:00,c1ccc(Nc2ccccc2)cc1,4.154705205605638,1,1,1,1,1
343,1956,2025-04-12 13:35:00,CC=CNc1cccc2ccccc12,7.071773587490043,1,1,1,1,1
344,1957,2025-04-12 13:35:00,CNc1ccc(-c2cccc3ccccc23)cc1,29.349653132736726,1,1,1,1,1
345,1958,2025-04-12 13:35:00,Cc1cc(C)cc(O)c1,4.3461257389600165,1,1,1,1,1
346,1959,2025-04-12 13:35:00,C=Cc1cc2ccccc2cc1NC,7.902225700148376,1,1,1,1,1
347,1960,2025-04-12 13:35:00,C=Cc1ccc(O)cc1C,4.2772792484356135,1,1,1,1,1
348,1961,2025-04-12 13:35:00,Cc1cc(O)cc(C)c1,4.346125738960021,1,1,1,1,1
349,1962,2025-04-12 13:35:00,Cc1cncc(O)c1C,4.196241351182274,1,1,1,1,1
350,1963,2025-04-12 13:35:00,Oc1cnccc1CC,4.278036161944668,1,1,1,1,1
351,1964,2025-04-12 13:35:00,Cc1ccc(O)cc1,4.747966014443797,1,1,1,1,1
352,1965,2025-04-12 13:35:00,C=Cc1ccc(C)cc1O,4.229499862814729,1,1,1,1,1
353,1966,2025-04-12 13:35:00,C=CCc1ccc(O)cc1,4.382769416856963,1,1,1,1,1
354,1967,2025-04-12 13:35:00,Cc1cncc(C)c1O,4.2020030966267266,1,1,1,1,1
355,1968,2025-04-12 13:35:00,C=C(C)c1ccc(O)cc1,4.298349419303021,1,1,1,1,1
356,1969,2025-04-12 13:35:00,c1cccc2ccc(Nc3ccccc3)cc12,15.73090896709087,1,1,1,1,1
357,1970,2025-04-12 13:35:00,Cc1ncc(C)cc1O,4.317102892659018,1,1,1,1,1
358,1971,2025-04-12 13:35:00,CCC=Cc1ccc(O)cc1,4.483042740195352,1,1,1,1,1
359,1972,2025-04-12 13:35:00,C#CCc1cc(C)cc(O)c1,4.16843813815881,1,1,1,1,1
360,1973,2025-04-12 13:35:00,c1ccc(Nc2ccncc2)cc1,4.107723836480088,1,1,1,1,1
361,1974,2025-04-12 13:35:00,C#CC(C)c1ccc(O)cc1,4.05872956130268,1,1,1,1,1
362,1975,2025-04-12 13:35:00,c1ccc(Nc2cc3ccccc3c3ccccc23)cc1,72.82776499928636,1,1,1,1,1
363,1976,2025-04-12 13:35:00,C(=NNc1ccccc1)c1ccccc1,4.2034287514730195,1,1,1,1,1
364,1977,2025-04-12 13:35:00,c1ccc(Nc2ccc3ccccc3n2)cc1,12.013871408853896,1,1,1,1,1
365,1978,2025-04-12 13:35:00,c1cc2ccccc2cc1Nc1ccccc1,15.730908967090262,1,1,1,1,1
366,1979,2025-04-12 13:35:00,c1ccc(Nc2ccccn2)cc1,4.081287559783292,1,1,1,1,1
367,1980,2025-04-12 13:35:00,C#Cc1ccc(C)c(O)c1,4.296259688796069,1,1,1,1,1
368,1981,2025-04-12 13:35:00,c1ccc(Nc2cccc3ccccc23)cc1,21.979524198181615,1,1,1,1,1
369,1982,2025-04-12 13:35:00,c1ccc(Nc2cccc3ccccc23)cc1,21.979524198181615,1,1,1,1,1
370,1983,2025-04-12 13:35:00,c1ccc(Nc2cccc3ccccc23)cc1,21.979524198181615,1,1,1,1,1
371,1984,2025-04-12 13:35:00,c1cc2cc3ccccc3cc2c(Nc2ccccc2)n1,64.32989136890018,1,1,1,1,1
372,1985,2025-04-12 13:35:00,c1cc2ccccc2cc1Nc1cccc2ccccc12,64.50462038977406,1,1,1,1,1
373,1986,2025-04-12 13:35:00,CC=Cc1ccc(O)cc1,4.548819406700917,1,1,1,1,1
374,1987,2025-04-12 13:35:00,C#CCc1ccc(O)cc1,4.385916730357278,1,1,1,1,1
375,1988,2025-04-12 13:35:00,c1cc2ccccc2cc1-c1ccccc1N,29.912181921143684,1,1,1,1,1
376,1989,2025-04-12 13:35:00,C(=Cc1ccc2ccccc2c1)Nc1ccccc1,13.39023040415942,1,1,1,1,1
377,1990,2025-04-12 13:35:00,c1cc(Nc2cccc3ccccc23)ccn1,3.684264113800345,1,1,1,1,1
378,1991,2025-04-12 13:35:00,c1ccc(Nc2ccc3ccccc3c2)cc1,15.730908967089787,1,1,1,1,1
379,1992,2025-04-12 13:35:00,c1ccc(Nc2ccc3ccccc3c2)cc1,15.730908967089787,1,1,1,1,1
380,1993,2025-04-12 13:35:00,c1ccc(Nc2cccc3cccnc23)cc1,19.4245036781915,1,1,1,1,1
381,1994,2025-04-12 13:35:00,c1cc2ccccc2cc1NS,4.739650185179949,1,1,1,1,1
382,1995,2025-04-12 13:35:00,c1ccc2cc(Nc3ccccn3)ccc2c1,3.783977443352316,1,1,1,1,1
383,1996,2025-04-12 13:35:00,c1ccc2cc(Nc3cccnc3)ccc2c1,3.8075414171171316,1,1,1,1,1
384,2010,2025-04-12 13:41:03,CC(C)(C)c1cc(P(=O)(Oc2cc(C(C)(C)C)c(O)c(C(C)(C)C)c2)N(c2cc(C(C)(C)C)c(O)c(C(C)(C)C)c2)c2cc(C(C)(C)C)c(O)c(C(C)(C)C)c2)cc(C(C)(C)C)c1O,33.563898767381744,1,1,1,1,1
385,2011,2025-04-12 13:41:03,CC(C)(C)c1cc(OP(Oc2cc(C(C)(C)C)c(O)c(C(C)(C)C)c2)Oc2cc(C(C)(C)C)c(O)c(C(C)(C)C)c2)cc(C(C)(C)C)c1O,110.76483372852496,1,1,1,1,1
386,2012,2025-04-12 13:41:03,CC(C)(C)c1cc(N(c2cc(C(C)(C)C)c(O)c(C(C)(C)C)c2)c2ccc(Oc3cc(C(C)(C)C)c(O)c(C(C)(C)C)c3)cc2)cc(C(C)(C)C)c1O,130.20186881471452,1,1,1,1,1
387,2013,2025-04-12 13:41:03,CC(C)(C)c1cc(OP(=O)(N(c2cc(C(C)(C)C)c(O)c(C(C)(C)C)c2)c2cc(C(C)(C)C)c(O)c(C(C)(C)C)c2)O)cc(C(C)(C)C)c1O,5.055231660554722,1,1,1,1,1
388,2014,2025-04-12 13:41:03,CC(C)(C)c1cc(N(c2cc(C(C)(C)C)c(O)c(C(C)(C)C)c2)P(=O)(Oc2cc(C(C)(C)C)c(O)c(C(C)(C)C)c2)Oc2cc(C(C)(C)C)c(O)c(C(C)(C)C)c2)cc(C(C)(C)C)c1O,7.529961197769269,1,1,1,1,1
389,2015,2025-04-12 13:41:03,CC(C)(C)c1cc(SP(=S)(Sc2cc(C(C)(C)C)c(O)c(C(C)(C)C)c2)Sc2cc(C(C)(C)C)c(O)c(C(C)(C)C)c2)cc(C(C)(C)C)c1O,4.52894229724894,1,1,1,1,1
390,2016,2025-04-12 13:41:03,CC(C)(C)c1cc(N(C(=S)Sc2cc(C(C)(C)C)c(O)c(C(C)(C)C)c2)c2cc(C(C)(C)C)c(O)c(C(C)(C)C)c2)cc(C(C)(C)C)c1O,67.16205896112312,1,1,1,1,1
391,2017,2025-04-12 13:41:03,CC(C)(C)c1cc(SCc2cc(CSc3cc(C(C)(C)C)c(O)c(C(C)(C)C)c3)cc(C(C)(C)C)c(O)c2)cc(C(C)(C)C)c1O,0,0,0,0,0,0
392,2018,2025-04-12 13:41:03,O=P(Oc1c(C(C)(C)C)c(C(C)(C)C)c(O)c(C(C)(C)C)c1O)(Oc2c(C(C)(C)C)c(C(C)(C)C)c(O)c(C(C)(C)C)c2O)Oc3c(C(C)(C)C)c(C(C)(C)C)c(O)c(C(C)(C)C)c3O,199.93678196378863,1,1,1,1,1
393,2019,2025-04-12 13:41:03,CC(C)(C)c1cc(O)c(C(C)(C)C)c(-c2cc(Oc3ccc(N(c4ccccc4)c4ccccc4)cc3)c(C(C)(C)C)c2)c1,0,0,0,0,0,0
394,2020,2025-04-12 13:41:03,S(Cc1c(C(C)(C)C)c(O)c(C(C)(C)C)c(C(C)(C)C)c1O)(Cc1c(C(C)(C)C)c(O)c(C(C)(C)C)c(C(C)(C)C)c1O)(Cc1c(C(C)(C)C)c(O)c(C(C)(C)C)c(C(C)(C)C)c1O)Cc1c(C(C)(C)C)c(O)c(C(C)(C)C)c(C(C)(C)C)c1O,0,0,1,0,1,1
395,2021,2025-04-12 13:41:03,Oc1c(C(C)(C)C)c(C(C)(C)C)c(-S-S-c2c(O)c(C(C)(C)C)c(C(C)(C)C)c(C(C)(C)C)c2O)c(C(C)(C)C)c1O,82.2907202629494,1,1,1,1,1
396,2022,2025-04-12 13:41:03,N=c1nsc(-Sc2c(C(C)(C)C)c(O)c(C(C)(C)C)c2O)nsc(-Sc2c(C(C)(C)C)c(O)c(C(C)(C)C)c2O)n1,0,0,0,0,0,0
397,2023,2025-04-12 13:41:03,O=S(=O)(Oc1c(C(C)(C)C)c(O)c(C(C)(C)C)c(C(C)(C)C)c1O)Oc1c(C(C)(C)C)c(O)c(C(C)(C)C)c(C(C)(C)C)c1O,8.356528704097348,1,1,1,1,1
398,2024,2025-04-12 13:41:03,C(C)(C)(C)C1=C(C(=C(C(=C1O)C(C)(C)C)O)SCC2=C(C(=C(C(=C2O)C(C)(C)C)O)SCC3=C(C(=C(C(=C3O)C(C)(C)C)O)SCC4=C(C(=C(C(=C4O)C(C)(C)C)O)C(C)(C)C)O)O,0,0,0,0,0,0
399,2050,2025-04-12 14:27:01,CCCCN(CCCC)c1ccc(-c2cc(-c3ccc(-c4ccc(-c5ccc(-c6nc(-c7ccccc7)nc(-c7ccc(OC)cc7)n6)cc5)cc4)cc3)c(-c3ccc(N(CC)CC)cc3)[nH]2)cc1,0,0,1,1,1,1
400,2051,2025-04-12 14:27:01,CCCCCCCCCCCCOc1ccccc1-c1nc(-c2ccc(-c3ccc(-c4cc(-c5ccc(-c6ccc(C)cc6)[nH]5)cc(-c5cccc(O)c5)n4)cc3)cc2)nc(-c2ccccc2)c1-c1ccccc1,196.3953179237106,1,1,1,1,1
401,2052,2025-04-12 14:27:01,CC(C)NC(CCCNC(=O)C(Cc1c[nH]c2ccccc12)NC(=O)C(Cc1ccc(O)cc1)NC(=O)C(C(C)C)NC(=O)C(CC(C)C)NC(=O)CCCCN(C)C1CCCCC1)C(C)C,109.74577455306198,1,1,1,1,1
402,2053,2025-04-12 14:27:01,CCc1[nH]c(C)c(C(C)(C)C)c1CNC(=O)C(Cc1ccc(O)cc1)NC(=O)C(CCCCN)NC(=O)c1cc2ccc(OCCN(C)C)cc2[nH]1,61.537789160143944,1,1,1,1,1
403,2054,2025-04-12 14:27:01,CCCCCCc1c(C=CC=CC=CC=CC=CC=CC=CCC=CCC)c2ccccc2n1-c1ccc2cc(-c3nc4ccccc4[nH]3)c(O)c(-c3ccccc3)c2c1,240.99113573825383,1,1,1,1,1
404,2219,2025-04-12 15:49:25,O=S(=O)(Oc1c(C(C)(C)C)c(O)c(C(C)(C)C)c(C(C)(C)C)c1O)(Oc1c(C(C)(C)C)c(O)c(C(C)(C)C)c(C(C)(C)C)c1O),8.356528704097348,1,1,1,1,1
405,2221,2025-04-12 15:51:14,O=S(=O)(Oc1c(C(C)C)c(O)c(C(C)C)c(C(C)C)c1O)(Oc1c(C(C)C)c(O)c(C(C)C)c(C(C)C)c1O)Oc1c(C(C)C)c(O)c(C(C)C)c(C(C)C)c1O,0,0,0,0,0,0
406,2254,2025-04-12 16:32:26, CCCCCCCCOC(=O)CCC1=CC(=C(C(=C1)C(C)(C)C)O)C(C)(C)C,12.852998535012258,1,1,1,1,1
407,2267,2025-04-12 16:51:49,N1(CC2=CC(C(C)(C)C)=C(O)C(C(C)(C)C)=C2)C(=O)N(CC2=CC(C(C)(C)C)=C(O)C(C(C)(C)C)=C2)C(=O)N(CC2=CC(C(C)(C)C)=C(O)C(C(C)(C)C)=C2)C1=O,81.333875604796,1,1,1,1,1
408,2268,2025-04-12 16:51:49,C(NCCOC(=O)CCC1=CC(C(C)(C)C)=C(O)C(C(C)(C)C)=C1)(=O)C(NCCOC(=O)CCC1=CC(C(C)(C)C)=C(O)C(C(C)(C)C)=C1)=O,103.74269427805754,1,1,1,1,1
409,2269,2025-04-12 16:51:49,N1(CC2=C(C)C=C(C(C)(C)C)C(O)=C2C)C(=O)N(CC2=C(C)C=C(C(C)(C)C)C(O)=C2C)C(=O)N(CC2=C(C)C=C(C(C)(C)C)C(O)=C2C)C1=O,5.525063599305963,1,1,1,1,1
410,2270,2025-04-12 16:51:49,CC(C)(C)C1=CC(=C(C=C1)OP2OCC3(CO2)COP(OC3)OC4=C(C=C(C=C4)C(C)(C)C)C(C)(C)C)C(C)(C)C,0,0,1,1,1,1
411,3241,2025-04-13 08:15:38,C1=CCC(NCc2ccc(N(Cc3ccc(-c4ccc(N(CCO)CCc5ccc(N(CCO)Cc6ccccc6)cc5)cc4)cc3)c3ccc(-c4ccc5c(c4)c4ccccc4n5-c4ccc(CO)cc4)cc3)cc2)CC1,0,0,1,0,1,1
412,3242,2025-04-13 08:15:38,c1ccc2c(c1)nc(NCCCCCCN(Cc1ccc(CNCc3ccc(F)cc3)cc1)c1ccc(-c3nc4ccccc4[nH]3)cc1)n2Cc1ccc(CNCc2cccc(Nc3ccccc3)c2)cc1,0,0,1,1,0,1
413,3243,2025-04-13 08:15:38,CCCCCCCCCCCCNc1nc(Nc2ccc(N(c3ccc(-c4ccccc4)cc3)c3ccc(N(c4ccccc4)c4ccc5c(c4)c4ccccc4n5-c4ccccc4)cc3)cc2)nc2[nH]ccc12,352.48959126375973,1,1,1,1,1
414,3244,2025-04-13 08:15:38,COc1cc2ccc1OCCCNc1nc(-c3ccc(-c4ccc5c(c4)c4cc(OC)ccc4n5C)cc3)cc(-c3ccc4c(c3)nc(Nc3ccc(-c5ccccc5)cc3)n4C)c2[nH]1,295.14058058756314,1,1,1,1,1
415,3245,2025-04-13 08:15:38,CCC(C)c1ccc(OCCN(CC(O)COc2ccc(-c3ccc(Nc4ccc5c(c4)c4ccccc4n5C4CCCC4)cc3)cc2)c2ccc(-c3ccc4[nH]ccc4c3)cc2)cc1N,354.57756674201886,1,1,1,1,1
416,3246,2025-04-13 08:15:38,[C-]#[N+]C(Cc1ccc(OCCN(CCCNCc2ccccc2)Cc2ccccc2)cc1)Nc1nc(NC(CCN2CCN(Cc3ccccc3)CC2)Cc2c[nH]c3ccccc23)c2ccccc21,0,0,0,0,0,0
417,3248,2025-04-13 08:21:02,C=C(CNCCNc1nc(-c2cccc(-c3ccc(-c4ccc5c(c4)c4ccccc4n5Cc4ccccc4)cc3)c2)nc2ccccc12)NCCN1CCCC1,273.698989606654,1,1,1,1,1
418,3249,2025-04-13 08:21:02,OCC1CN(CCNCCc2ccc3c(c2)c2ccccc2n3-c2ccc(-c3ccc4c(c3)c3ccccc3n4-c3ccc(Nc4ccccc4)cc3)cc2)CCN1NCc1ccccc1,288.821846389028,1,1,1,1,1
419,3250,2025-04-13 08:21:02,CCOc1ccc(-c2csc(Nc3ccc(-c4nc5c(-c6ccc(NCCCCNCc7ccccc7)cc6)cccc5[nH]4)cc3)n2)c(OCC)c1-c1ccccc1,216.46410472046983,1,1,1,1,1
420,3260,2025-04-13 08:53:24,Cc1cc(NC2CCCC2)ccc1-c1cc2nc(-c3ccc(-c4nc5ccc(-c6cc(NCC(O)CNCCc7ccc(-c8ccccc8)cc7)nc(NCc7ccccc7)n6)cc5[nH]4)cc3)[nH]c2cc1C,365.4613832662152,1,1,1,1,1
421,3261,2025-04-13 08:53:24,CC(NCCCCCCNc1ncc(-c2ccc(-c3ccc(-c4ccc5nc(-c6cnc(C7CCCN7C(NC(=O)OC(C)(C)C)c7ccccc7)[nH]6)ccc5c4)cc3)cc2)[nH]1)c1ccccc1,265.4003718793016,1,1,1,1,1
422,3262,2025-04-13 08:53:24,Cc1cc(Nc2nccc(-c3cc(-c4ccc5c(c4)[nH]c4ccc(-c6ccc(-c7ccc(OCCCCCCO)cc7)cc6)cc45)nc(-c4ccccc4)n3)n2)cc(-c2ccc(-c3ccccc3)cc2)c1,289.9522717411927,1,1,1,1,1
423,3263,2025-04-13 08:53:24,CN(CCCCNC(=O)Nc1ccc(-c2ccc(-c3nc(-c4ccc(-c5ccc(-c6cnc(CN7CCC(CO)CC7)[nH]6)cc5)cc4)nc(Nc4ccc(-c5ccccc5)cc4)n3)cc2)cc1)CC,265.8236028753457,1,1,1,1,1
424,3267,2025-04-13 08:54:30,Cn1ccnc1-c1cc2c(-c3ccc(-c4ccc(-c5nc(-c6ccc(-c7nc(-c8ccccc8)cc(-c8ccccc8)n7)cc6)[nH]c5)cc4)cc3)n[nH]c2cc1NCCCNCCNc1ccccc1,336.1633490769239,1,1,1,1,1
425,3268,2025-04-13 08:54:30,CCCCCCc1c(-c2cc(-c3nc4ccccc4s3)nc3[nH]c(-c4ccccc4)c(-c4ccc(-c5nc6ccccc6[nH]5)cc4)c23)cccc1NCC(O)c1ccc(O)c(OC)c1,167.78703648426426,1,1,1,1,1
426,3269,2025-04-13 08:54:30,O=C(Nc1ccc(-c2cccc3[nH]nc(Nc4ccc(-c5ccc6c(c5)[nH]c5ccccc56)cc4)c23)cc1)C(Cc1ccccc1)NCCc1ccc(OCCCn2cccn2)cc1,271.1938817788811,1,1,1,1,1
427,3348,2025-04-13 09:33:23,Cc1cc(-c2ccc(-c3cc(-c4ccc(-c5ccc(Nc6ccc7c(c6)C(C)(C)c6ccccc6-7)nc5)cc4)nc(-c4nc(-c5ccccc5)nc(-c5ccncc5)n4)n3)cc2)ccc1-c1cc2ccccc2c(CO)n1,237.58553003683306,1,1,1,1,1
428,3349,2025-04-13 09:33:23,CC(C)(CCCNc1ncc(-c2ccc(-c3nc(-c4ccc(-c5ccc(-c6ccc7c(c6)[nH]c6ccccc67)cc5)cc4)nc(-c4ccc5c(c4)oc4ccc(-c6ccccc6)cc45)n3)cc2)cn1)NCC(O)CO,384.39163931782207,1,1,1,1,1
429,3350,2025-04-13 09:33:23,CN(Cc1cnc[nH]1)CC(O)CNc1ncc(-c2ccc(-c3ccc(-c4cnc(Cc5cc(CNc6ccc(-c7ccccc7)cc6)[nH]c5)nc4)cc3)cc2)nc1-c1cccc2[nH]c(-c3nc4ccccc4n3C)nc12,290.68518282332053,1,1,1,1,1
430,3352,2025-04-13 09:34:37,CCCc1nc2c(N)nc(C)nc2n1Cc1cccc(-c2ccc(-c3nc(-c4ccccc4)nc(-c4cc(-c5ccc(-c6ccc(N(CCCC(=O)O)CCO)cc6)cc5)nc(-c5ccc(O)cc5)c4)n3)cc2)c1,260.81611455812674,1,1,1,1,1
431,3468,2025-04-13 10:49:35,O=S(=O)(Nc1cncc(-c2ccc3[nH]nc(-c4nc5c(-c6ccc(-c7nc8ccccc8n7-c7ccccc7)cc6)cccc5[nH]4)c3n2)n1)c1ccc(-c2cccc3[nH]ccc23)nc1,271.2058543661736,1,1,1,1,1
432,3469,2025-04-13 10:49:35,CCNc1nc(-c2ccc(Nc3ccc4c(-c5ccc(-c6ccccn6)cc5)cc(-c5ccc(-c6ccc(NCCCNC)cc6)nc5)nc4c3)cc2)nc2c1ncn2C1OC(CO)C(O)C1O,272.52356367480473,1,1,1,1,1
433,3470,2025-04-13 10:49:35,O=S(=O)(O)c1cc2c(cc1Nc1ncc(-c3ccc(-c4nc5c(-c6ccc7c(c6)c6ccccc6n7-c6ccccc6)nc(-c6ccc(-c7nc(-c7ccccc7)n[nH]7)cc6)cc5[nH]4)cc3)cn1)NCCC2,237.15258052345985,1,1,1,1,1
434,3471,2025-04-13 10:49:35,Nc1ncnc2c1ncn2C1OC(COP(=O)(OCc2ccccc2)OCc2ccccc2)C(OCc2ccccc2)C(OCc2ccccc2)C1OCc1cccc2ccccc12,147.67014333977227,1,1,1,1,1
435,3472,2025-04-13 10:49:35,Nc1nc(Nc2cc(-c3ccc(-c4nc5cc(-c6ccccc6)ccc5[nH]4)cc3)nc(Nc3ccc(-c4ccccc4)cc3)n2)nc2c(-c3nc4c(-c5ccccc5)cccc4[nH]3)c(-c3ncccn3)nn12,303.44835687284626,1,1,1,1,1
436,3473,2025-04-13 10:49:35,CCCCCCCCCCOc1nc(Nc2nccc3[nH]c(-c4ccc(-c5ccc(-c6ccc(-c7nc8ccccc8n7C)cc6)cc5)cc4)nc23)nc(-n2c3ccccc3c3cc(CN)ccc32)c1O,341.3147464627802,1,1,1,1,1
437,3475,2025-04-13 10:50:53,CC(C)c1cc(Nc2ccc3nc(Nc4ccc5nc(-c6ccc(-c7cccnc7)s6)[nH]c5c4)c4ccc(-c5ccc6nc(-c7ccc(-c8ccc(CO)cc8)cc7)[nH]c6c5)cc4c3n2)cc(Nc2ccccn2)c1,305.9885675914119,1,1,1,1,1
438,3481,2025-04-13 11:36:12,CC(C)(C)c1cc(O)c(C(C)(C)C)c(Oc2cc(C(C)(C)C)c(O)c(C(C)(C)C)c2Oc2cc(C(C)(C)C)c(O)c(C(C)(C)C)c2Oc2cc(C(C)(C)C)c(O)c(C(C)(C)C)c2Oc2cc(C(C)(C)C)c(O)c(C(C)(C)C)c2Oc2cc(C(C)(C)C)c(O)c(C(C)(C)C)c2Oc2cc(C(C)(C)C)c(O)c(C(C)(C)C)c2Oc2cc(C(C)(C)C)c(O)c(C(C)(C)C)c2)c1O,0,0,1,0,1,1
439,5445,2025-04-13 19:14:54,COc1cc(C(C)(C)c2cc(C(C)(C)C)cc(C(C)(C)C)c2O)ccc1-c1nc(-c2cccc(-c3ccc4cc(-c5ccc6c(c5)c5ccccc5n6-c5ccccc5)ccc4n3)c2N)nc(-c2ccccc2)n1,290.31455170892946,1,1,1,1,1
440,5446,2025-04-13 19:14:54,COc1ccc(C(c2ccc(N3CCNCC3)cc2)(c2ccc(OC)cc2)c2ccc(-c3nc(Nc4ccc(-c5ccc(-c6ccccc6)cc5)c5[nH]ncc45)nc(-c4ccccc4)n3)cc2)cc1,200.88155873487605,1,1,1,1,1
441,5447,2025-04-13 19:14:54,CC(C)(C)C1(c2ccc(O)cc2)c2ccccc2-c2ccc(-c3nc(-c4ccc5c(c4)c4ccccc4n5-c4ccccc4)nc(-c4cc(-c5ccc(C#N)cc5)cc(-c5cccc(O)c5)c4)n3)cc21,166.88426973659475,1,1,1,1,1
442,5448,2025-04-13 19:14:54,CC1OC(c2ccc(-c3nc(-c4ccccc4)nc(-c4ccc5c(c4)C(CO)(c4ccccc4)c4ccccc4-5)n3)cc2)C(Nc2nc(-c3ccccc3)nc(-c3ccccc3)n2)C1O,260.77632537573004,1,1,1,1,1
443,5449,2025-04-13 19:14:54,CC1(C)c2ccccc2-c2cc3c(cc21)c1ccc(-c2cc(-c4ccccc4)nc(-c4nc5ccccc5[nH]4)n2)cc1n3-c1ccc(-c2nc(-c3ccccc3)nc(-c3ccccc3O)n2)cc1,281.03080326543477,1,1,1,1,1
444,5450,2025-04-13 19:14:54,Oc1ccc(C2(c3ccc(O)cc3)c3ccccc3-c3ccc(N(c4cccc(-c5ccc(-c6ccc(-c7ccc(-c8ccccc8)cc7)cc6)cc5)c4)c4ccc5c(c4)OCCO5)cc32)cc1,158.70948284711355,1,1,1,1,1
445,5451,2025-04-13 19:14:54,Cc1ccc(-c2cccc(-c3nc(-c4ccc(-c5ccc(-c6nc(C7CCCCC7)nc(-c7ccccc7)n6)cc5)cc4)nc(-c4cccc(-c5cccc(O)c5)c4)n3)c2C)c(C)c1O,156.46118004479538,1,1,1,1,1
446,5452,2025-04-13 19:14:54,CC1(C)c2ccccc2-c2ccc(-c3nc(-c4ccccc4)nc(-c4ccc(-c5ccc(-c6nc(-c7ccccc7)nc(-c7ccccc7)n6)cc5)c5ccc(CO)cc45)n3)c(-c3ccc(O)cc3)c21,210.86645209413865,1,1,1,1,1
447,5453,2025-04-13 19:14:54,Cc1cccc(-c2nc3nc(-c4cc(C#N)ccc4O)nc(-c4ccc(-c5nc(-c6ccccc6)nc(-c6ccc(-c7ccccc7)cc6)n5)cc4)c3[nH]2)c1-c1ccccc1,204.10961940672942,1,1,1,1,1
448,5454,2025-04-13 19:14:54,CC(C)(C)c1ccc(-c2nc(-c3ccc(-c4ccc(-c5nc(-c6ccccc6)nc(-c6ccccc6)n5)cc4)cc3)nc(-c3ccc(-c4nc5ccccc5[nH]4)cc3)n2)c(O)c1,210.68007406939856,1,1,1,1,1
449,5455,2025-04-13 19:14:54,COc1cc(-c2nc(-c3ccccc3)nc(-c3ccccc3)n2)cc(Oc2ccc3c(c2)C2(c4ccccc4-c4ccccc42)c2cc(-c4nc(-c5ccccc5)nc(C5CCCC5)n4)ccc2-3)c1O,221.01236408959423,1,1,1,1,1
450,5456,2025-04-13 19:14:54,CNC1C(Oc2nc(-c3ccc(C#N)cc3)nc(-c3ccc4c(c3)C(c3ccccc3)(c3ccc(OC)c(OC)c3)c3cc(OC)c(OC)cc3-4)n2)OC(CO)C(O)C1Nc1ccccc1,29.07832860896451,1,1,1,1,1
451,5457,2025-04-13 19:14:54,CCN(CC)c1ccc(-c2nc(-c3ccc(-c4ccccc4)cc3)nc(-c3nc(-c4ccc(-c5ccc6c(c5)c5ccccc5n6-c5ccccc5)cc4)nc(-c4ccc5c(c4)C(C)(C)c4ccccc4-5)n3)n2)cc1,0,0,1,1,1,1
452,5458,2025-04-13 19:14:54,CC1(C)c2ccccc2-c2ccc(-c3ccc(N(c4ccccc4)c4ccc5c(c4)c4nc(-c6ccc(-c7ccc(C#N)cc7)cc6)nc(-c6nc(-c7ccccc7)nc(-c7ccccc7)n6)n5n4)cc3)cc21,0,0,1,1,1,1
453,5459,2025-04-13 19:14:54,CC1(C)c2cccc(-c3nc(-c4ccc(-c5ccc(-c6nc(-c7ccccc7)nc(-c7ccccc7)n6)cc5)cc4)nc(-c4cccc(-c5ccc(-c6ccc(CO)cc6)cc5)c4)n3)c2NC1(C)C,225.01070109124186,1,1,1,1,1
454,5460,2025-04-13 19:14:54,CC1(C)c2ccc(-c3nc(NCc4ccccc4)nc(-c4cc(-c5ccccc5)nc(-c5ccccc5)n4)n3)cc2-c2ccc(-n3c4ccccc4c4cc(-c5ccc(CO)cc5)cnc43)cc21,290.2531681889523,1,1,1,1,1
455,5461,2025-04-13 19:14:54,Cc1c(-c2nc(-c3ccc(O)cc3)nc(-c3ccccc3)n2)ccc(C)c1-c1ccc(-c2ccc3c(c2)C(c2ccc(O)c(-c4cc(-c5ccc(-c6cnc(CO)[nH]6)cc5)nc(-c5ccccc5)n4)c2)O3)cc1,209.29228218195334,1,1,1,1,1
456,5462,2025-04-13 19:14:54,Cc1cccc(-c2nc(-c3ccc4c(c3)C(C)(C)c3cc(-c5nc(-c6ccc(-c7cccc(O)c7)nc6)nc(Cc6nc(-c7ccccc7)nc(-c7ccccc7)n6)n5)ccc3-4)cc(-c3ccccc3)n2)c1,112.5370784038005,1,1,1,1,1
457,5463,2025-04-13 19:14:54,COc1cc(C2(c3cc(OC)c(OC)c(OC)c3)C=C(c3ccc(OC)c(OC)c3)C(c3ccc(O)cc3)C2)cc(OC)c1Nc1nc(-c2c[nH]c3ccccc23)ccc1-c1nc2ccccc2[nH]1,70.70900514081434,1,1,1,1,1
458,5464,2025-04-13 19:14:54,COc1cc(C=Cc2sc3c(c2-c2ccc(O)c(OC)c2)C(c2ccc4oc5ccccc5c4c2)c2ccccc2-3)ccc1N=Nc1c(O)c(C)c(O)c(C2CCCCC2)c1O,90.05669733378554,1,1,1,1,1
459,5468,2025-04-13 19:18:45,Nc1nc(-c2ccccc2)nc(-c2cccc(-c3ccc(-c4cc(-c5ccc(-c6ccccc6)cc5)cc(-c5ccc(C6CCCC6)cc5)c4)c4[nH]c5ccc(-c6ccccn6)cc5c34)c2)n1,312.15434817526904,1,1,1,1,1
460,5469,2025-04-13 19:18:45,CC(C)c1ccc(Nc2nc(NCc3ccc(O)cc3)nc(Nc3ccc(-c4cc(-c5ccccc5)c5c(c4)C(C)(C)c4ccccc4-5)c(-c4nc5ccccc5[nH]4)c3)n2)cc1O,224.65577665451787,1,1,1,1,1
461,5470,2025-04-13 19:18:45,C=CCOC12Oc3ccc(O)cc3C3C(CCCO)C(CCCCO)(c4ccc(cc4)C(c4ccc(-c5ccc6c(c5)c5ccccc5n6-c5ccccc5)cc4)C=C3O)C1S2,56.98788532900645,1,1,1,1,1
462,5471,2025-04-13 19:18:45,Cc1ccc2cc(-c3nc(-c4ccc(CO)cc4)nc(Nc4ccc(-c5ccc6c(c5)c5ccccc5n6-c5ccc(N6CCC(O)CC6)cc5)cc4)n3)c3c(c2c1)CCC3O,328.38778069021066,1,1,1,1,1
463,5472,2025-04-13 19:18:45,N=C(c1c(-c2ccc(O)cc2)c(-c2nc3ccccc3[nH]2)c(Cc2ccc(-c3nc(-c4ccccc4)nc(-c4ccc5c(c4)c4ccccc4n5-c4ccccc4)n3)cc2)c(CO)c1O)N1CCCCC1,224.3634371593408,1,1,1,1,1
464,5473,2025-04-13 19:18:45,OC1C(NC(c2ccccc2)c2ccccc2)NC(c2cccnc2)C(c2cccc(-c3nc(-c4ccccc4)nc(-c4ccc(CO)cc4)n3)c2)C1c1ccc(C2OC(CO)Cc3ccc(O)cc32)cc1,122.76923559579386,1,1,1,1,1
465,5474,2025-04-13 19:18:45,Cc1c(-c2cc3cc(-c4ccc(-c5ccc6c(c5)c5ccccc5n6-c5ccccc5)cc4)ccc3[nH]2)cccc1C1(CO)OC(CO)C(O)C1Oc1c(O)ccc2ccccc12,295.13069675472457,1,1,1,1,1
466,5475,2025-04-13 19:18:45,Cc1c(-c2cc(C(C)(C)C)c(O)c(-c3nc(-c4ccccc4)nc(-c4cc(C(C)(C)C)ccc4O)n3)c2)c(O)c(-n2c3ccccc3c3cc(CO)ccc32)c(C2CCCCC2)c1O,239.4906369583972,1,1,1,1,1
467,5476,2025-04-13 19:18:45,Oc1ccc(-c2nc(-c3ccc(O)cc3)nc(-c3ccc4c(c3)C3(c5ccccc5-4)c4ccccc4-c4cc(O)cc(O)c43)n2)c(O)c1,48.377853079594914,1,1,1,1,1
468,5477,2025-04-13 19:18:45,CC1(C)c2ccccc2-c2cc(-c3nc4cc(-c5nc(-c6ccc(-c7cccc(O)c7)nc6)cc(-c6ccc(-c7ccccc7)cc6)n5)ccc4[nH]3)cc(-c3cc(CO)cc(O)c3)c21,136.15146983459567,1,1,1,1,1
469,5478,2025-04-13 19:18:45,CCC1CCC(c2cc(-c3ccc(-c4ccc(-c5nc(C6CCCC6)nc(-c6ccccc6)n5)cc4)cc3)cc(-c3nc(-c4ccccc4)nc(-c4ccc(CO)cc4O)n3)c2)CC1,102.569151970408,1,1,1,1,1
470,5479,2025-04-13 19:18:45,CC1(C)c2cc(O)ccc2-c2ccc(-c3nc(-c4cc(-c5ccc(-c6ccccc6)cc5)nc(-c5cccc(O)c5)n4)nc(-c4ccc(CO)cc4)n3)c(-c3ccc(O)cc3)c21,60.70688949908239,1,1,1,1,1
471,5480,2025-04-13 19:18:45,Cc1cc(-c2cc(-c3cc4cc(-c5ccc6c(c5)c5ccccc5n6-c5ccc(-c6ccccc6)cc5)ccc4[nH]3)cc3c2CCCC3)cc(C)c1-c1cc2c(cc1O)C(O)CC2O,321.9340276616891,1,1,1,1,1
472,5481,2025-04-13 19:18:45,Oc1ccc(CC(c2ccc(O)cc2)c2cccc(-c3cccc(-c4cc(-c5ccc6c(c5)c5ccccc5n6-c5nc(-c6ccccc6)nc(-c6ccccc6)n5)cc(-c5ccc(CO)cc5)n4)c3)c2)cc1,179.86608503576022,1,1,1,1,1
473,5482,2025-04-13 19:18:45,C=C1C(c2ccc(O)c(-c3nc(-c4ccc(O)cc4)c(-c4ccc(-c5cccc6c5[nH]c5ccccc56)cc4)[nH]3)c2)NC(c2ccc(O)cc2)C(c2ccc(O)cc2)N1,75.15450302698144,1,1,1,1,1
474,5483,2025-04-13 19:18:45,CC1(C)c2cc(-c3cc(-c4ccc(-c5ccc(-c6ccc(-c7ccc(CO)cc7)cc6)cc5)cc4)ccc3O)ccc2-c2ccc(-c3ccnc(-c4nc5ccccc5[nH]4)n3)cc21,217.0504687927178,1,1,1,1,1
475,5484,2025-04-13 19:18:45,CC(Nc1nc(Nc2ccc(C(C)(C)C)cc2)nc(Nc2cccc3c2Cc2ccccc2-3)n1)c1ccc(-c2ccc3nc(C4CCCCC4)nc(-c4ccc(CO)cc4)c3c2)cc1,264.97580838246193,1,1,1,1,1
476,5485,2025-04-13 19:18:45,CC(C)(C)c1ccc(Oc2ccc3c(c2)c2cc(O)ccc2n3-c2ccc(N(c3ccc(O)cc3)c3ccc(O)cc3)cc2)cc1-c1nc(-c2ccc(O)cc2)nc(C2CCCC2)n1,50.35932272062993,1,1,1,1,1
477,5486,2025-04-13 19:18:45,CCc1c(CO)cc(-c2cncc(-c3nc(-c4ccc(-c5cnc(C6CCC(C)CC6)cc5)cc4)nc(-c4ccc(CO)cc4)n3)c2)cc1-c1nc(-c2ccc3ccccc3c2)c(-c2cccc(O)c2)[nH]1,198.8552503198062,1,1,1,1,1
478,5487,2025-04-13 19:18:45,CC1(C)C2=C(c3nc4ccccc4[nH]3)C(c3ccc(N(c4ccccc4)c4ccc(-c5ccc(-c6nc(-c7ccccc7)nc(-c7ccccc7)n6)cc5)cc4)cc3)N(c3ccc(CO)cc3)C2C1(C)CO,0,0,1,1,1,1
479,5488,2025-04-13 19:18:45,OCC1OC(c2ccc(O)cc2)C(c2cccc(Nc3ccc4c(c3)c3ccccc3n4-c3ccccc3)c2)C(c2ccc(-c3ccccc3)cc2)C1(c1ccccc1)c1ccco1,190.0284281830778,1,1,1,1,1
480,5489,2025-04-13 19:18:45,CCCCN(CCCC)c1ccc(-c2c3nc(c(-c4ccc5[nH]ccc5c4)c4ccc([nH]4)c(-c4ccccc4)c4nc(c(-c5ccc(-c6ccc(C)cc6)cc5)c5ccc2[nH]5)C=C4)C=C3O)cc1,0,0,1,1,1,1
481,5490,2025-04-13 19:18:45,N=C(c1ccccc1)c1ccc(-c2ccc(-c3nc(-c4ccccc4)nc(-c4cc(C5CCCC5)c(C5CCCCC5)cc4O)n3)cc2-n2c3ccccc3c3ccc(O)cc32)cc1,243.0154959976217,1,1,1,1,1
482,5491,2025-04-13 19:18:45,CCc1c(-c2cccc(-c3ccccc3)c2)c2cc(O)ccc2n1Cc1ccc(-c2nc(-c3ccc(C)cc3)nc(-c3ccc(-c4ccc(CO)cc4)cc3)c2O)cc1,241.7224103945881,1,1,1,1,1
483,5492,2025-04-13 19:18:45,CCC(=O)NCc1cccc(-c2ccc(-c3nc(-c4ccc(-c5ccccc5)cc4)nc(-c4ccc5c(c4)C(C)(C)c4ccccc4-5)n3)cc2)c1-c1ccc(O)cc1,136.0205170303282,1,1,1,1,1
484,5493,2025-04-13 19:18:45,Cc1cc(-c2cc(CO)cc(-c3cc4cc(-c5cc(-c6cnc(C7CCCCC7)[nH]6)cc(-c6ccc(-c7ccccc7)cc6)c5)ccc4[nH]3)c2O)cc(C)c1O,292.83695947525297,1,1,1,1,1
485,5494,2025-04-13 19:18:45,NC(Cc1ccc(-n2c3ccccc3c3cc(-c4ccc(C(c5ccccc5)c5ccccc5)cc4)ccc32)c(-c2ccc(N3CCC(O)CC3)cc2)c1)C(O)c1ccccc1,0,0,1,1,1,1
486,5495,2025-04-13 19:18:45,CC(c1ccccc1)(c1ccc(O)cc1)c1ccccc1-c1cccc(-c2ccc3c(c2)c2cc(-c4ccc5nc(C6CCC(O)CC6)[nH]c5c4)ccc2n3-c2ccc(C(C)(C)O)cc2)n1,248.3947087376654,1,1,1,1,1
487,5496,2025-04-13 19:18:45,Cc1ccc(Cn2c(-c3cc(-c4cc(C)cc(C)c4)cc(C)c3O)nc3cc(-c4ccc(CO)cc4)ccc32)cc1-c1cc(-c2ccc(C(C)(C)C)cc2)c(O)c(-c2ccc(O)cc2)c1,236.51099222039377,1,1,1,1,1
488,5497,2025-04-13 19:18:45,Nc1ncc(-c2cccc(-c3c(C4CCCCC4)cc(-c4ccc(-c5cccc6c5[nH]c5ccccc56)cc4)cc3-c3ccc(-c4ccccc4)cc3)c2)nc1-c1cc2ccccc2[nH]1,285.55123069394426,1,1,1,1,1
